system:index,NDBI,NDVI,lat,lon,station,year_month,.geo
0_0,0.03351694718003273,0.0464700348675251,24.9056,67.0822,Gulshan-e-Iqbal,2019-01,"{""type"":""Point"",""coordinates"":[67.0822,24.9056]}"
0_1,0.08857252448797226,0.059014007449150085,24.856,67.01,Saddar,2019-01,"{""type"":""Point"",""coordinates"":[67.01,24.856]}"
0_2,0.09912194311618805,0.05516491085290909,24.94,66.98,SITE_Industrial,2019-01,"{""type"":""Point"",""coordinates"":[66.98,24.94]}"
0_3,-0.010726643726229668,0.21325471997261047,24.82,67.03,Korangi_Industrial,2019-01,"{""type"":""Point"",""coordinates"":[67.03,24.820000000000004]}"
0_4,0.135854572057724,0.12581941485404968,24.98,67.12,North_Nazimabad,2019-01,"{""type"":""Point"",""coordinates"":[67.12,24.98]}"
0_5,0.08902306854724884,0.1968703716993332,24.89,67.13,Gulistan_Jauhar,2019-01,"{""type"":""Point"",""coordinates"":[67.13,24.89]}"
0_6,-0.025879044085741043,-0.15297570824623108,24.81,66.99,Landhi,2019-01,"{""type"":""Point"",""coordinates"":[66.99000000000001,24.809999999999995]}"
0_7,0.09684839844703674,0.04345165193080902,24.92,67.05,Federal_B_Area,2019-01,"{""type"":""Point"",""coordinates"":[67.05,24.92]}"
1_0,0.030849343165755272,0.051176518201828,24.9056,67.0822,Gulshan-e-Iqbal,2019-02,"{""type"":""Point"",""coordinates"":[67.0822,24.9056]}"
1_1,0.08413300663232803,0.07167070358991623,24.856,67.01,Saddar,2019-02,"{""type"":""Point"",""coordinates"":[67.01,24.856]}"
1_2,0.0677628144621849,0.05525422841310501,24.94,66.98,SITE_Industrial,2019-02,"{""type"":""Point"",""coordinates"":[66.98,24.94]}"
1_3,-0.003937007859349251,0.20893141627311707,24.82,67.03,Korangi_Industrial,2019-02,"{""type"":""Point"",""coordinates"":[67.03,24.820000000000004]}"
1_4,0.12862566113471985,0.11144521832466125,24.98,67.12,North_Nazimabad,2019-02,"{""type"":""Point"",""coordinates"":[67.12,24.98]}"
1_5,0.0577169731259346,0.24262356758117676,24.89,67.13,Gulistan_Jauhar,2019-02,"{""type"":""Point"",""coordinates"":[67.13,24.89]}"
1_6,0.19443315267562866,-0.15811532735824585,24.81,66.99,Landhi,2019-02,"{""type"":""Point"",""coordinates"":[66.99000000000001,24.809999999999995]}"
1_7,0.09348034858703613,0.058357540518045425,24.92,67.05,Federal_B_Area,2019-02,"{""type"":""Point"",""coordinates"":[67.05,24.92]}"
2_0,0.04130818322300911,0.04083750396966934,24.9056,67.0822,Gulshan-e-Iqbal,2019-03,"{""type"":""Point"",""coordinates"":[67.0822,24.9056]}"
2_1,0.09296131879091263,0.06150157377123833,24.856,67.01,Saddar,2019-03,"{""type"":""Point"",""coordinates"":[67.01,24.856]}"
2_2,0.08908648788928986,0.04935206100344658,24.94,66.98,SITE_Industrial,2019-03,"{""type"":""Point"",""coordinates"":[66.98,24.94]}"
2_3,0.002294768812134862,0.18586556613445282,24.82,67.03,Korangi_Industrial,2019-03,"{""type"":""Point"",""coordinates"":[67.03,24.820000000000004]}"
2_4,0.1499231904745102,0.11154408007860184,24.98,67.12,North_Nazimabad,2019-03,"{""type"":""Point"",""coordinates"":[67.12,24.98]}"
2_5,0.09118396788835526,0.1557038575410843,24.89,67.13,Gulistan_Jauhar,2019-03,"{""type"":""Point"",""coordinates"":[67.13,24.89]}"
2_6,0.186405211687088,-0.0497564934194088,24.81,66.99,Landhi,2019-03,"{""type"":""Point"",""coordinates"":[66.99000000000001,24.809999999999995]}"
2_7,0.09458108246326447,0.05318138748407364,24.92,67.05,Federal_B_Area,2019-03,"{""type"":""Point"",""coordinates"":[67.05,24.92]}"
3_0,0.052463795989751816,0.034811802208423615,24.9056,67.0822,Gulshan-e-Iqbal,2019-04,"{""type"":""Point"",""coordinates"":[67.0822,24.9056]}"
3_1,0.0985981673002243,0.0534205436706543,24.856,67.01,Saddar,2019-04,"{""type"":""Point"",""coordinates"":[67.01,24.856]}"
3_2,0.10063779354095459,0.035262156277894974,24.94,66.98,SITE_Industrial,2019-04,"{""type"":""Point"",""coordinates"":[66.98,24.94]}"
3_3,0.02134009823203087,0.2027748078107834,24.82,67.03,Korangi_Industrial,2019-04,"{""type"":""Point"",""coordinates"":[67.03,24.820000000000004]}"
3_4,0.1683090180158615,0.10543278604745865,24.98,67.12,North_Nazimabad,2019-04,"{""type"":""Point"",""coordinates"":[67.12,24.98]}"
3_5,0.10950618237257004,0.131382018327713,24.89,67.13,Gulistan_Jauhar,2019-04,"{""type"":""Point"",""coordinates"":[67.13,24.89]}"
3_6,0.06848887354135513,-0.009519224055111408,24.81,66.99,Landhi,2019-04,"{""type"":""Point"",""coordinates"":[66.99000000000001,24.809999999999995]}"
3_7,0.09725718945264816,0.04485228657722473,24.92,67.05,Federal_B_Area,2019-04,"{""type"":""Point"",""coordinates"":[67.05,24.92]}"
4_0,0.05523643270134926,0.02930235117673874,24.9056,67.0822,Gulshan-e-Iqbal,2019-05,"{""type"":""Point"",""coordinates"":[67.0822,24.9056]}"
4_1,0.09102793037891388,0.041804440319538116,24.856,67.01,Saddar,2019-05,"{""type"":""Point"",""coordinates"":[67.01,24.856]}"
4_2,0.1037735864520073,0.03118758648633957,24.94,66.98,SITE_Industrial,2019-05,"{""type"":""Point"",""coordinates"":[66.98,24.94]}"
4_3,0.03887418285012245,0.17046600580215454,24.82,67.03,Korangi_Industrial,2019-05,"{""type"":""Point"",""coordinates"":[67.03,24.820000000000004]}"
4_4,0.16411378979682922,0.08987440913915634,24.98,67.12,North_Nazimabad,2019-05,"{""type"":""Point"",""coordinates"":[67.12,24.98]}"
4_5,0.11207446455955505,0.12011260539293289,24.89,67.13,Gulistan_Jauhar,2019-05,"{""type"":""Point"",""coordinates"":[67.13,24.89]}"
4_6,0.05816135182976723,-0.049455154687166214,24.81,66.99,Landhi,2019-05,"{""type"":""Point"",""coordinates"":[66.99000000000001,24.809999999999995]}"
4_7,0.09003084897994995,0.04091162234544754,24.92,67.05,Federal_B_Area,2019-05,"{""type"":""Point"",""coordinates"":[67.05,24.92]}"
5_0,0.05793803557753563,0.029378099367022514,24.9056,67.0822,Gulshan-e-Iqbal,2019-06,"{""type"":""Point"",""coordinates"":[67.0822,24.9056]}"
5_1,0.09604769200086594,0.03303036838769913,24.856,67.01,Saddar,2019-06,"{""type"":""Point"",""coordinates"":[67.01,24.856]}"
5_2,0.10954179614782333,0.026971662417054176,24.94,66.98,SITE_Industrial,2019-06,"{""type"":""Point"",""coordinates"":[66.98,24.94]}"
5_3,0.039874233305454254,0.16491638123989105,24.82,67.03,Korangi_Industrial,2019-06,"{""type"":""Point"",""coordinates"":[67.03,24.820000000000004]}"
5_4,0.1600889414548874,0.090581014752388,24.98,67.12,North_Nazimabad,2019-06,"{""type"":""Point"",""coordinates"":[67.12,24.98]}"
5_5,0.12872685492038727,0.1109909936785698,24.89,67.13,Gulistan_Jauhar,2019-06,"{""type"":""Point"",""coordinates"":[67.13,24.89]}"
5_6,0.03223586827516556,-0.08126132935285568,24.81,66.99,Landhi,2019-06,"{""type"":""Point"",""coordinates"":[66.99000000000001,24.809999999999995]}"
5_7,0.0970921665430069,0.04137808457016945,24.92,67.05,Federal_B_Area,2019-06,"{""type"":""Point"",""coordinates"":[67.05,24.92]}"
6_0,0.06153807416558266,0.006785688456147909,24.9056,67.0822,Gulshan-e-Iqbal,2019-07,"{""type"":""Point"",""coordinates"":[67.0822,24.9056]}"
6_1,0.10516554862260818,0.018887551501393318,24.856,67.01,Saddar,2019-07,"{""type"":""Point"",""coordinates"":[67.01,24.856]}"
6_2,0.0981876328587532,0.015558652579784393,24.94,66.98,SITE_Industrial,2019-07,"{""type"":""Point"",""coordinates"":[66.98,24.94]}"
6_3,0.04041416198015213,0.17313188314437866,24.82,67.03,Korangi_Industrial,2019-07,"{""type"":""Point"",""coordinates"":[67.03,24.820000000000004]}"
6_4,0.1662728488445282,0.07710385322570801,24.98,67.12,North_Nazimabad,2019-07,"{""type"":""Point"",""coordinates"":[67.12,24.98]}"
6_5,0.109931580722332,0.1169874295592308,24.89,67.13,Gulistan_Jauhar,2019-07,"{""type"":""Point"",""coordinates"":[67.13,24.89]}"
6_6,0.01749781332910061,-0.061611372977495193,24.81,66.99,Landhi,2019-07,"{""type"":""Point"",""coordinates"":[66.99000000000001,24.809999999999995]}"
6_7,0.11492890864610672,0.031753335148096085,24.92,67.05,Federal_B_Area,2019-07,"{""type"":""Point"",""coordinates"":[67.05,24.92]}"
7_0,,,24.9056,67.0822,Gulshan-e-Iqbal,2019-08,"{""type"":""Point"",""coordinates"":[67.0822,24.9056]}"
7_1,0.095085509121418,0.029857592657208443,24.856,67.01,Saddar,2019-08,"{""type"":""Point"",""coordinates"":[67.01,24.856]}"
7_2,,,24.94,66.98,SITE_Industrial,2019-08,"{""type"":""Point"",""coordinates"":[66.98,24.94]}"
7_3,-0.028036659583449364,0.2490456998348236,24.82,67.03,Korangi_Industrial,2019-08,"{""type"":""Point"",""coordinates"":[67.03,24.820000000000004]}"
7_4,,,24.98,67.12,North_Nazimabad,2019-08,"{""type"":""Point"",""coordinates"":[67.12,24.98]}"
7_5,,,24.89,67.13,Gulistan_Jauhar,2019-08,"{""type"":""Point"",""coordinates"":[67.13,24.89]}"
7_6,0.01583179086446762,-0.07671380788087845,24.81,66.99,Landhi,2019-08,"{""type"":""Point"",""coordinates"":[66.99000000000001,24.809999999999995]}"
7_7,,,24.92,67.05,Federal_B_Area,2019-08,"{""type"":""Point"",""coordinates"":[67.05,24.92]}"
8_0,0.08282733708620071,0.026702169328927994,24.9056,67.0822,Gulshan-e-Iqbal,2019-09,"{""type"":""Point"",""coordinates"":[67.0822,24.9056]}"
8_1,0.11950541287660599,0.03973987326025963,24.856,67.01,Saddar,2019-09,"{""type"":""Point"",""coordinates"":[67.01,24.856]}"
8_2,0.10418727248907089,0.02895793691277504,24.94,66.98,SITE_Industrial,2019-09,"{""type"":""Point"",""coordinates"":[66.98,24.94]}"
8_3,-4.809146048501134E-4,0.20867900550365448,24.82,67.03,Korangi_Industrial,2019-09,"{""type"":""Point"",""coordinates"":[67.03,24.820000000000004]}"
8_4,0.12362301349639893,0.11424694955348969,24.98,67.12,North_Nazimabad,2019-09,"{""type"":""Point"",""coordinates"":[67.12,24.98]}"
8_5,-0.0137894656509161,0.33923521637916565,24.89,67.13,Gulistan_Jauhar,2019-09,"{""type"":""Point"",""coordinates"":[67.13,24.89]}"
8_6,0.009079428389668465,-0.10003205388784409,24.81,66.99,Landhi,2019-09,"{""type"":""Point"",""coordinates"":[66.99000000000001,24.809999999999995]}"
8_7,0.11071247607469559,0.028727911412715912,24.92,67.05,Federal_B_Area,2019-09,"{""type"":""Point"",""coordinates"":[67.05,24.92]}"
9_0,0.05948609486222267,0.02526518888771534,24.9056,67.0822,Gulshan-e-Iqbal,2019-10,"{""type"":""Point"",""coordinates"":[67.0822,24.9056]}"
9_1,0.1207573339343071,0.049945712089538574,24.856,67.01,Saddar,2019-10,"{""type"":""Point"",""coordinates"":[67.01,24.856]}"
9_2,0.10824936628341675,0.04277173429727554,24.94,66.98,SITE_Industrial,2019-10,"{""type"":""Point"",""coordinates"":[66.98,24.94]}"
9_3,-0.02733495831489563,0.27699634432792664,24.82,67.03,Korangi_Industrial,2019-10,"{""type"":""Point"",""coordinates"":[67.03,24.820000000000004]}"
9_4,0.1611739695072174,0.15962035953998566,24.98,67.12,North_Nazimabad,2019-10,"{""type"":""Point"",""coordinates"":[67.12,24.98]}"
9_5,0.10019512474536896,0.19709043204784393,24.89,67.13,Gulistan_Jauhar,2019-10,"{""type"":""Point"",""coordinates"":[67.13,24.89]}"
9_6,0.2684723138809204,-0.15518251061439514,24.81,66.99,Landhi,2019-10,"{""type"":""Point"",""coordinates"":[66.99000000000001,24.809999999999995]}"
9_7,0.10857793688774109,0.04213162139058113,24.92,67.05,Federal_B_Area,2019-10,"{""type"":""Point"",""coordinates"":[67.05,24.92]}"
10_0,0.04482053220272064,0.03986397013068199,24.9056,67.0822,Gulshan-e-Iqbal,2019-11,"{""type"":""Point"",""coordinates"":[67.0822,24.9056]}"
10_1,0.10248986631631851,0.03887399286031723,24.856,67.01,Saddar,2019-11,"{""type"":""Point"",""coordinates"":[67.01,24.856]}"
10_2,0.08994307368993759,0.042686399072408676,24.94,66.98,SITE_Industrial,2019-11,"{""type"":""Point"",""coordinates"":[66.98,24.94]}"
10_3,-0.026170553639531136,0.2834610044956207,24.82,67.03,Korangi_Industrial,2019-11,"{""type"":""Point"",""coordinates"":[67.03,24.820000000000004]}"
10_4,0.11159517616033554,0.1320510059595108,24.98,67.12,North_Nazimabad,2019-11,"{""type"":""Point"",""coordinates"":[67.12,24.98]}"
10_5,0.1254001408815384,0.20408163964748383,24.89,67.13,Gulistan_Jauhar,2019-11,"{""type"":""Point"",""coordinates"":[67.13,24.89]}"
10_6,0.2142857164144516,-0.33182844519615173,24.81,66.99,Landhi,2019-11,"{""type"":""Point"",""coordinates"":[66.99000000000001,24.809999999999995]}"
10_7,0.09369676560163498,0.04186569154262543,24.92,67.05,Federal_B_Area,2019-11,"{""type"":""Point"",""coordinates"":[67.05,24.92]}"
11_0,0.03707589954137802,0.048755817115306854,24.9056,67.0822,Gulshan-e-Iqbal,2019-12,"{""type"":""Point"",""coordinates"":[67.0822,24.9056]}"
11_1,0.10305306315422058,0.052195560187101364,24.856,67.01,Saddar,2019-12,"{""type"":""Point"",""coordinates"":[67.01,24.856]}"
11_2,0.08879914879798889,0.04791611433029175,24.94,66.98,SITE_Industrial,2019-12,"{""type"":""Point"",""coordinates"":[66.98,24.94]}"
11_3,-0.030818680301308632,0.2939646244049072,24.82,67.03,Korangi_Industrial,2019-12,"{""type"":""Point"",""coordinates"":[67.03,24.820000000000004]}"
11_4,0.09208770096302032,0.1288318932056427,24.98,67.12,North_Nazimabad,2019-12,"{""type"":""Point"",""coordinates"":[67.12,24.98]}"
11_5,0.11050642281770706,0.21221864223480225,24.89,67.13,Gulistan_Jauhar,2019-12,"{""type"":""Point"",""coordinates"":[67.13,24.89]}"
11_6,0.02076876349747181,-0.18355880677700043,24.81,66.99,Landhi,2019-12,"{""type"":""Point"",""coordinates"":[66.99000000000001,24.809999999999995]}"
11_7,0.12615567445755005,0.05577072128653526,24.92,67.05,Federal_B_Area,2019-12,"{""type"":""Point"",""coordinates"":[67.05,24.92]}"
12_0,0.019677571952342987,0.04956914484500885,24.9056,67.0822,Gulshan-e-Iqbal,2020-01,"{""type"":""Point"",""coordinates"":[67.0822,24.9056]}"
12_1,0.09647895395755768,0.06628160923719406,24.856,67.01,Saddar,2020-01,"{""type"":""Point"",""coordinates"":[67.01,24.856]}"
12_2,0.08495079725980759,0.06408268213272095,24.94,66.98,SITE_Industrial,2020-01,"{""type"":""Point"",""coordinates"":[66.98,24.94]}"
12_3,-0.028520498424768448,0.2560538053512573,24.82,67.03,Korangi_Industrial,2020-01,"{""type"":""Point"",""coordinates"":[67.03,24.820000000000004]}"
12_4,0.09443178027868271,0.10885167121887207,24.98,67.12,North_Nazimabad,2020-01,"{""type"":""Point"",""coordinates"":[67.12,24.98]}"
12_5,0.09713198989629745,0.21121898293495178,24.89,67.13,Gulistan_Jauhar,2020-01,"{""type"":""Point"",""coordinates"":[67.13,24.89]}"
12_6,0.15243762731552124,-0.17719833552837372,24.81,66.99,Landhi,2020-01,"{""type"":""Point"",""coordinates"":[66.99000000000001,24.809999999999995]}"
12_7,0.11566264927387238,0.04976019263267517,24.92,67.05,Federal_B_Area,2020-01,"{""type"":""Point"",""coordinates"":[67.05,24.92]}"
13_0,0.02854393795132637,0.04282115772366524,24.9056,67.0822,Gulshan-e-Iqbal,2020-02,"{""type"":""Point"",""coordinates"":[67.0822,24.9056]}"
13_1,0.09695681184530258,0.07558184862136841,24.856,67.01,Saddar,2020-02,"{""type"":""Point"",""coordinates"":[67.01,24.856]}"
13_2,0.0923398956656456,0.05293593555688858,24.94,66.98,SITE_Industrial,2020-02,"{""type"":""Point"",""coordinates"":[66.98,24.94]}"
13_3,-0.011950654909014702,0.2352800965309143,24.82,67.03,Korangi_Industrial,2020-02,"{""type"":""Point"",""coordinates"":[67.03,24.820000000000004]}"
13_4,0.10698270052671432,0.11316582560539246,24.98,67.12,North_Nazimabad,2020-02,"{""type"":""Point"",""coordinates"":[67.12,24.98]}"
13_5,0.06846733391284943,0.23304203152656555,24.89,67.13,Gulistan_Jauhar,2020-02,"{""type"":""Point"",""coordinates"":[67.13,24.89]}"
13_6,0.03894321620464325,-0.12872004508972168,24.81,66.99,Landhi,2020-02,"{""type"":""Point"",""coordinates"":[66.99000000000001,24.809999999999995]}"
13_7,0.12362701445817947,0.05653604492545128,24.92,67.05,Federal_B_Area,2020-02,"{""type"":""Point"",""coordinates"":[67.05,24.92]}"
14_0,0.02752644754946232,0.05090978369116783,24.9056,67.0822,Gulshan-e-Iqbal,2020-03,"{""type"":""Point"",""coordinates"":[67.0822,24.9056]}"
14_1,0.08945488929748535,0.06101679429411888,24.856,67.01,Saddar,2020-03,"{""type"":""Point"",""coordinates"":[67.01,24.856]}"
14_2,0.0864986851811409,0.048561565577983856,24.94,66.98,SITE_Industrial,2020-03,"{""type"":""Point"",""coordinates"":[66.98,24.94]}"
14_3,0.01274117175489664,0.2042628824710846,24.82,67.03,Korangi_Industrial,2020-03,"{""type"":""Point"",""coordinates"":[67.03,24.820000000000004]}"
14_4,0.12028941512107849,0.11436010152101517,24.98,67.12,North_Nazimabad,2020-03,"{""type"":""Point"",""coordinates"":[67.12,24.98]}"
14_5,0.05374400317668915,0.22288407385349274,24.89,67.13,Gulistan_Jauhar,2020-03,"{""type"":""Point"",""coordinates"":[67.13,24.89]}"
14_6,0.10950472950935364,-0.08357822149991989,24.81,66.99,Landhi,2020-03,"{""type"":""Point"",""coordinates"":[66.99000000000001,24.809999999999995]}"
14_7,0.09745009243488312,0.054180603474378586,24.92,67.05,Federal_B_Area,2020-03,"{""type"":""Point"",""coordinates"":[67.05,24.92]}"
15_0,0.04827813431620598,0.029078157618641853,24.9056,67.0822,Gulshan-e-Iqbal,2020-04,"{""type"":""Point"",""coordinates"":[67.0822,24.9056]}"
15_1,0.09866063296794891,0.04538152739405632,24.856,67.01,Saddar,2020-04,"{""type"":""Point"",""coordinates"":[67.01,24.856]}"
15_2,0.11234315484762192,0.03768530115485191,24.94,66.98,SITE_Industrial,2020-04,"{""type"":""Point"",""coordinates"":[66.98,24.94]}"
15_3,0.03300222381949425,0.17750442028045654,24.82,67.03,Korangi_Industrial,2020-04,"{""type"":""Point"",""coordinates"":[67.03,24.820000000000004]}"
15_4,0.13295507431030273,0.1091800332069397,24.98,67.12,North_Nazimabad,2020-04,"{""type"":""Point"",""coordinates"":[67.12,24.98]}"
15_5,0.10103198140859604,0.17969349026679993,24.89,67.13,Gulistan_Jauhar,2020-04,"{""type"":""Point"",""coordinates"":[67.13,24.89]}"
15_6,0.06563985347747803,-0.016862448304891586,24.81,66.99,Landhi,2020-04,"{""type"":""Point"",""coordinates"":[66.99000000000001,24.809999999999995]}"
15_7,0.09770429134368896,0.041634418070316315,24.92,67.05,Federal_B_Area,2020-04,"{""type"":""Point"",""coordinates"":[67.05,24.92]}"
16_0,0.0436117947101593,0.02670401521027088,24.9056,67.0822,Gulshan-e-Iqbal,2020-05,"{""type"":""Point"",""coordinates"":[67.0822,24.9056]}"
16_1,0.09734868258237839,0.04034764692187309,24.856,67.01,Saddar,2020-05,"{""type"":""Point"",""coordinates"":[67.01,24.856]}"
16_2,0.10177440941333771,0.026216071099042892,24.94,66.98,SITE_Industrial,2020-05,"{""type"":""Point"",""coordinates"":[66.98,24.94]}"
16_3,0.022295081987977028,0.2041025608778,24.82,67.03,Korangi_Industrial,2020-05,"{""type"":""Point"",""coordinates"":[67.03,24.820000000000004]}"
16_4,0.14133770763874054,0.09434474259614944,24.98,67.12,North_Nazimabad,2020-05,"{""type"":""Point"",""coordinates"":[67.12,24.98]}"
16_5,0.09262759983539581,0.16867469251155853,24.89,67.13,Gulistan_Jauhar,2020-05,"{""type"":""Point"",""coordinates"":[67.13,24.89]}"
16_6,0.11528321355581284,-0.04090462625026703,24.81,66.99,Landhi,2020-05,"{""type"":""Point"",""coordinates"":[66.99000000000001,24.809999999999995]}"
16_7,0.09213989973068237,0.0431576669216156,24.92,67.05,Federal_B_Area,2020-05,"{""type"":""Point"",""coordinates"":[67.05,24.92]}"
17_0,0.06816030293703079,0.01933034136891365,24.9056,67.0822,Gulshan-e-Iqbal,2020-06,"{""type"":""Point"",""coordinates"":[67.0822,24.9056]}"
17_1,0.09861248731613159,0.018635855987668037,24.856,67.01,Saddar,2020-06,"{""type"":""Point"",""coordinates"":[67.01,24.856]}"
17_2,0.1087450236082077,0.016701381653547287,24.94,66.98,SITE_Industrial,2020-06,"{""type"":""Point"",""coordinates"":[66.98,24.94]}"
17_3,0.02975853718817234,0.18746401369571686,24.82,67.03,Korangi_Industrial,2020-06,"{""type"":""Point"",""coordinates"":[67.03,24.820000000000004]}"
17_4,0.14204765856266022,0.0795564278960228,24.98,67.12,North_Nazimabad,2020-06,"{""type"":""Point"",""coordinates"":[67.12,24.98]}"
17_5,0.10245241224765778,0.130712628364563,24.89,67.13,Gulistan_Jauhar,2020-06,"{""type"":""Point"",""coordinates"":[67.13,24.89]}"
17_6,0.029994916170835495,-0.07108081877231598,24.81,66.99,Landhi,2020-06,"{""type"":""Point"",""coordinates"":[66.99000000000001,24.809999999999995]}"
17_7,0.11128344386816025,0.031135177239775658,24.92,67.05,Federal_B_Area,2020-06,"{""type"":""Point"",""coordinates"":[67.05,24.92]}"
18_0,0.07538627088069916,0.014213062822818756,24.9056,67.0822,Gulshan-e-Iqbal,2020-07,"{""type"":""Point"",""coordinates"":[67.0822,24.9056]}"
18_1,0.1519790142774582,0.018318966031074524,24.856,67.01,Saddar,2020-07,"{""type"":""Point"",""coordinates"":[67.01,24.856]}"
18_2,0.14162810146808624,0.009157704189419746,24.94,66.98,SITE_Industrial,2020-07,"{""type"":""Point"",""coordinates"":[66.98,24.94]}"
18_3,0.034063670784235,0.17838680744171143,24.82,67.03,Korangi_Industrial,2020-07,"{""type"":""Point"",""coordinates"":[67.03,24.820000000000004]}"
18_4,0.14365653693675995,0.05350302532315254,24.98,67.12,North_Nazimabad,2020-07,"{""type"":""Point"",""coordinates"":[67.12,24.98]}"
18_5,0.09866978228092194,0.1109909936785698,24.89,67.13,Gulistan_Jauhar,2020-07,"{""type"":""Point"",""coordinates"":[67.13,24.89]}"
18_6,,,24.81,66.99,Landhi,2020-07,"{""type"":""Point"",""coordinates"":[66.99000000000001,24.809999999999995]}"
18_7,0.1254304051399231,0.0320250429213047,24.92,67.05,Federal_B_Area,2020-07,"{""type"":""Point"",""coordinates"":[67.05,24.92]}"
19_0,0.03372710198163986,0.043832071125507355,24.9056,67.0822,Gulshan-e-Iqbal,2020-08,"{""type"":""Point"",""coordinates"":[67.0822,24.9056]}"
19_1,,,24.856,67.01,Saddar,2020-08,"{""type"":""Point"",""coordinates"":[67.01,24.856]}"
19_2,,,24.94,66.98,SITE_Industrial,2020-08,"{""type"":""Point"",""coordinates"":[66.98,24.94]}"
19_3,,,24.82,67.03,Korangi_Industrial,2020-08,"{""type"":""Point"",""coordinates"":[67.03,24.820000000000004]}"
19_4,0.21362458169460297,0.08533469587564468,24.98,67.12,North_Nazimabad,2020-08,"{""type"":""Point"",""coordinates"":[67.12,24.98]}"
19_5,,,24.89,67.13,Gulistan_Jauhar,2020-08,"{""type"":""Point"",""coordinates"":[67.13,24.89]}"
19_6,-0.03583521023392677,-0.12558619678020477,24.81,66.99,Landhi,2020-08,"{""type"":""Point"",""coordinates"":[66.99000000000001,24.809999999999995]}"
19_7,,,24.92,67.05,Federal_B_Area,2020-08,"{""type"":""Point"",""coordinates"":[67.05,24.92]}"
20_0,0.07539466768503189,0.034274209290742874,24.9056,67.0822,Gulshan-e-Iqbal,2020-09,"{""type"":""Point"",""coordinates"":[67.0822,24.9056]}"
20_1,0.08897839486598969,0.04019024968147278,24.856,67.01,Saddar,2020-09,"{""type"":""Point"",""coordinates"":[67.01,24.856]}"
20_2,0.0868028849363327,0.029054254293441772,24.94,66.98,SITE_Industrial,2020-09,"{""type"":""Point"",""coordinates"":[66.98,24.94]}"
20_3,-0.031627971678972244,0.24776622653007507,24.82,67.03,Korangi_Industrial,2020-09,"{""type"":""Point"",""coordinates"":[67.03,24.820000000000004]}"
20_4,0.1177767664194107,0.12429400533437729,24.98,67.12,North_Nazimabad,2020-09,"{""type"":""Point"",""coordinates"":[67.12,24.98]}"
20_5,0.040877893567085266,0.25416600704193115,24.89,67.13,Gulistan_Jauhar,2020-09,"{""type"":""Point"",""coordinates"":[67.13,24.89]}"
20_6,0.05962515249848366,-0.06633751094341278,24.81,66.99,Landhi,2020-09,"{""type"":""Point"",""coordinates"":[66.99000000000001,24.809999999999995]}"
20_7,0.08739908784627914,0.04472178965806961,24.92,67.05,Federal_B_Area,2020-09,"{""type"":""Point"",""coordinates"":[67.05,24.92]}"
21_0,0.045930683612823486,0.041717302054166794,24.9056,67.0822,Gulshan-e-Iqbal,2020-10,"{""type"":""Point"",""coordinates"":[67.0822,24.9056]}"
21_1,0.10523154586553574,0.05801013484597206,24.856,67.01,Saddar,2020-10,"{""type"":""Point"",""coordinates"":[67.01,24.856]}"
21_2,0.09624240547418594,0.046169038861989975,24.94,66.98,SITE_Industrial,2020-10,"{""type"":""Point"",""coordinates"":[66.98,24.94]}"
21_3,-0.04276638850569725,0.309438556432724,24.82,67.03,Korangi_Industrial,2020-10,"{""type"":""Point"",""coordinates"":[67.03,24.820000000000004]}"
21_4,0.09921357035636902,0.13800202310085297,24.98,67.12,North_Nazimabad,2020-10,"{""type"":""Point"",""coordinates"":[67.12,24.98]}"
21_5,0.0706026703119278,0.23008133471012115,24.89,67.13,Gulistan_Jauhar,2020-10,"{""type"":""Point"",""coordinates"":[67.13,24.89]}"
21_6,0.2241014838218689,-0.1647336483001709,24.81,66.99,Landhi,2020-10,"{""type"":""Point"",""coordinates"":[66.99000000000001,24.809999999999995]}"
21_7,0.10065007954835892,0.06034482643008232,24.92,67.05,Federal_B_Area,2020-10,"{""type"":""Point"",""coordinates"":[67.05,24.92]}"
22_0,0.03671147674322128,0.047694843262434006,24.9056,67.0822,Gulshan-e-Iqbal,2020-11,"{""type"":""Point"",""coordinates"":[67.0822,24.9056]}"
22_1,0.10891558974981308,0.06089972332119942,24.856,67.01,Saddar,2020-11,"{""type"":""Point"",""coordinates"":[67.01,24.856]}"
22_2,0.08516576886177063,0.05352826043963432,24.94,66.98,SITE_Industrial,2020-11,"{""type"":""Point"",""coordinates"":[66.98,24.94]}"
22_3,-0.035049743950366974,0.29604870080947876,24.82,67.03,Korangi_Industrial,2020-11,"{""type"":""Point"",""coordinates"":[67.03,24.820000000000004]}"
22_4,0.10983504354953766,0.1604754775762558,24.98,67.12,North_Nazimabad,2020-11,"{""type"":""Point"",""coordinates"":[67.12,24.98]}"
22_5,0.09024114906787872,0.22590267658233643,24.89,67.13,Gulistan_Jauhar,2020-11,"{""type"":""Point"",""coordinates"":[67.13,24.89]}"
22_6,0.0715450793504715,-0.14231181144714355,24.81,66.99,Landhi,2020-11,"{""type"":""Point"",""coordinates"":[66.99000000000001,24.809999999999995]}"
22_7,0.09822535514831543,0.05713885277509689,24.92,67.05,Federal_B_Area,2020-11,"{""type"":""Point"",""coordinates"":[67.05,24.92]}"
23_0,0.031244482845067978,0.04821494221687317,24.9056,67.0822,Gulshan-e-Iqbal,2020-12,"{""type"":""Point"",""coordinates"":[67.0822,24.9056]}"
23_1,0.10916239023208618,0.051130227744579315,24.856,67.01,Saddar,2020-12,"{""type"":""Point"",""coordinates"":[67.01,24.856]}"
23_2,0.08949128538370132,0.06527546793222427,24.94,66.98,SITE_Industrial,2020-12,"{""type"":""Point"",""coordinates"":[66.98,24.94]}"
23_3,-0.03792089968919754,0.340869277715683,24.82,67.03,Korangi_Industrial,2020-12,"{""type"":""Point"",""coordinates"":[67.03,24.820000000000004]}"
23_4,0.08451543003320694,0.1615987867116928,24.98,67.12,North_Nazimabad,2020-12,"{""type"":""Point"",""coordinates"":[67.12,24.98]}"
23_5,0.10295917093753815,0.20843487977981567,24.89,67.13,Gulistan_Jauhar,2020-12,"{""type"":""Point"",""coordinates"":[67.13,24.89]}"
23_6,0.4475138187408447,-0.1525423675775528,24.81,66.99,Landhi,2020-12,"{""type"":""Point"",""coordinates"":[66.99000000000001,24.809999999999995]}"
23_7,0.1103578731417656,0.051506251096725464,24.92,67.05,Federal_B_Area,2020-12,"{""type"":""Point"",""coordinates"":[67.05,24.92]}"
24_0,0.03174932673573494,0.050616759806871414,24.9056,67.0822,Gulshan-e-Iqbal,2021-01,"{""type"":""Point"",""coordinates"":[67.0822,24.9056]}"
24_1,0.07868343591690063,0.06442432105541229,24.856,67.01,Saddar,2021-01,"{""type"":""Point"",""coordinates"":[67.01,24.856]}"
24_2,0.07490236312150955,0.05878458172082901,24.94,66.98,SITE_Industrial,2021-01,"{""type"":""Point"",""coordinates"":[66.98,24.94]}"
24_3,-0.020727580413222313,0.2757619619369507,24.82,67.03,Korangi_Industrial,2021-01,"{""type"":""Point"",""coordinates"":[67.03,24.820000000000004]}"
24_4,0.09578543901443481,0.13287904858589172,24.98,67.12,North_Nazimabad,2021-01,"{""type"":""Point"",""coordinates"":[67.12,24.98]}"
24_5,0.09946050494909286,0.18524523079395294,24.89,67.13,Gulistan_Jauhar,2021-01,"{""type"":""Point"",""coordinates"":[67.13,24.89]}"
24_6,0.036466166377067566,-0.12678883969783783,24.81,66.99,Landhi,2021-01,"{""type"":""Point"",""coordinates"":[66.99000000000001,24.809999999999995]}"
24_7,0.09196514636278152,0.0656580924987793,24.92,67.05,Federal_B_Area,2021-01,"{""type"":""Point"",""coordinates"":[67.05,24.92]}"
25_0,0.05086313560605049,0.04678639769554138,24.9056,67.0822,Gulshan-e-Iqbal,2021-02,"{""type"":""Point"",""coordinates"":[67.0822,24.9056]}"
25_1,0.08292018622159958,0.06955992430448532,24.856,67.01,Saddar,2021-02,"{""type"":""Point"",""coordinates"":[67.01,24.856]}"
25_2,0.10177658498287201,0.06250998377799988,24.94,66.98,SITE_Industrial,2021-02,"{""type"":""Point"",""coordinates"":[66.98,24.94]}"
25_3,0.023926369845867157,0.22535128891468048,24.82,67.03,Korangi_Industrial,2021-02,"{""type"":""Point"",""coordinates"":[67.03,24.820000000000004]}"
25_4,0.11860637366771698,0.15270671248435974,24.98,67.12,North_Nazimabad,2021-02,"{""type"":""Point"",""coordinates"":[67.12,24.98]}"
25_5,0.10952001810073853,0.1713065505027771,24.89,67.13,Gulistan_Jauhar,2021-02,"{""type"":""Point"",""coordinates"":[67.13,24.89]}"
25_6,0.07053393870592117,-0.131555438041687,24.81,66.99,Landhi,2021-02,"{""type"":""Point"",""coordinates"":[66.99000000000001,24.809999999999995]}"
25_7,0.09047731757164001,0.06501735001802444,24.92,67.05,Federal_B_Area,2021-02,"{""type"":""Point"",""coordinates"":[67.05,24.92]}"
26_0,0.04763474687933922,0.041374921798706055,24.9056,67.0822,Gulshan-e-Iqbal,2021-03,"{""type"":""Point"",""coordinates"":[67.0822,24.9056]}"
26_1,0.07937461137771606,0.05134108290076256,24.856,67.01,Saddar,2021-03,"{""type"":""Point"",""coordinates"":[67.01,24.856]}"
26_2,0.10820137709379196,0.051503460854291916,24.94,66.98,SITE_Industrial,2021-03,"{""type"":""Point"",""coordinates"":[66.98,24.94]}"
26_3,0.03586478903889656,0.1892402321100235,24.82,67.03,Korangi_Industrial,2021-03,"{""type"":""Point"",""coordinates"":[67.03,24.820000000000004]}"
26_4,0.1136736050248146,0.14644289016723633,24.98,67.12,North_Nazimabad,2021-03,"{""type"":""Point"",""coordinates"":[67.12,24.98]}"
26_5,0.11234759539365768,0.16360776126384735,24.89,67.13,Gulistan_Jauhar,2021-03,"{""type"":""Point"",""coordinates"":[67.13,24.89]}"
26_6,0.027496065944433212,-0.029347898438572884,24.81,66.99,Landhi,2021-03,"{""type"":""Point"",""coordinates"":[66.99000000000001,24.809999999999995]}"
26_7,0.09129957854747772,0.05453575775027275,24.92,67.05,Federal_B_Area,2021-03,"{""type"":""Point"",""coordinates"":[67.05,24.92]}"
27_0,0.050685565918684006,0.0416531078517437,24.9056,67.0822,Gulshan-e-Iqbal,2021-04,"{""type"":""Point"",""coordinates"":[67.0822,24.9056]}"
27_1,0.07475728541612625,0.056569673120975494,24.856,67.01,Saddar,2021-04,"{""type"":""Point"",""coordinates"":[67.01,24.856]}"
27_2,0.10137300938367844,0.051745299249887466,24.94,66.98,SITE_Industrial,2021-04,"{""type"":""Point"",""coordinates"":[66.98,24.94]}"
27_3,0.044872500002384186,0.19617675244808197,24.82,67.03,Korangi_Industrial,2021-04,"{""type"":""Point"",""coordinates"":[67.03,24.820000000000004]}"
27_4,0.10467071831226349,0.1397111564874649,24.98,67.12,North_Nazimabad,2021-04,"{""type"":""Point"",""coordinates"":[67.12,24.98]}"
27_5,0.11305256187915802,0.15490375459194183,24.89,67.13,Gulistan_Jauhar,2021-04,"{""type"":""Point"",""coordinates"":[67.13,24.89]}"
27_6,0.05470459535717964,-3.677822824101895E-4,24.81,66.99,Landhi,2021-04,"{""type"":""Point"",""coordinates"":[66.99000000000001,24.809999999999995]}"
27_7,0.09286382049322128,0.05498199164867401,24.92,67.05,Federal_B_Area,2021-04,"{""type"":""Point"",""coordinates"":[67.05,24.92]}"
28_0,0.054225556552410126,0.028383858501911163,24.9056,67.0822,Gulshan-e-Iqbal,2021-05,"{""type"":""Point"",""coordinates"":[67.0822,24.9056]}"
28_1,0.08284492790699005,0.037988319993019104,24.856,67.01,Saddar,2021-05,"{""type"":""Point"",""coordinates"":[67.01,24.856]}"
28_2,0.10675091296434402,0.029660183936357498,24.94,66.98,SITE_Industrial,2021-05,"{""type"":""Point"",""coordinates"":[66.98,24.94]}"
28_3,0.030283400788903236,0.18895965814590454,24.82,67.03,Korangi_Industrial,2021-05,"{""type"":""Point"",""coordinates"":[67.03,24.820000000000004]}"
28_4,0.1146245077252388,0.1031356230378151,24.98,67.12,North_Nazimabad,2021-05,"{""type"":""Point"",""coordinates"":[67.12,24.98]}"
28_5,0.11199237406253815,0.13566836714744568,24.89,67.13,Gulistan_Jauhar,2021-05,"{""type"":""Point"",""coordinates"":[67.13,24.89]}"
28_6,0.03264104574918747,-0.03490370139479637,24.81,66.99,Landhi,2021-05,"{""type"":""Point"",""coordinates"":[66.99000000000001,24.809999999999995]}"
28_7,0.08929331600666046,0.038868799805641174,24.92,67.05,Federal_B_Area,2021-05,"{""type"":""Point"",""coordinates"":[67.05,24.92]}"
29_0,,,24.9056,67.0822,Gulshan-e-Iqbal,2021-06,"{""type"":""Point"",""coordinates"":[67.0822,24.9056]}"
29_1,0.08995327353477478,0.020078567788004875,24.856,67.01,Saddar,2021-06,"{""type"":""Point"",""coordinates"":[67.01,24.856]}"
29_2,0.09010795503854752,0.017156753689050674,24.94,66.98,SITE_Industrial,2021-06,"{""type"":""Point"",""coordinates"":[66.98,24.94]}"
29_3,0.0016030778642743826,0.2305348664522171,24.82,67.03,Korangi_Industrial,2021-06,"{""type"":""Point"",""coordinates"":[67.03,24.820000000000004]}"
29_4,0.10052600502967834,0.11165845394134521,24.98,67.12,North_Nazimabad,2021-06,"{""type"":""Point"",""coordinates"":[67.12,24.98]}"
29_5,0.0995110347867012,0.1407751888036728,24.89,67.13,Gulistan_Jauhar,2021-06,"{""type"":""Point"",""coordinates"":[67.13,24.89]}"
29_6,0.034236107021570206,-0.05939922481775284,24.81,66.99,Landhi,2021-06,"{""type"":""Point"",""coordinates"":[66.99000000000001,24.809999999999995]}"
29_7,0.08913698047399521,0.03470255061984062,24.92,67.05,Federal_B_Area,2021-06,"{""type"":""Point"",""coordinates"":[67.05,24.92]}"
30_0,,,24.9056,67.0822,Gulshan-e-Iqbal,2021-07,"{""type"":""Point"",""coordinates"":[67.0822,24.9056]}"
30_1,,,24.856,67.01,Saddar,2021-07,"{""type"":""Point"",""coordinates"":[67.01,24.856]}"
30_2,,,24.94,66.98,SITE_Industrial,2021-07,"{""type"":""Point"",""coordinates"":[66.98,24.94]}"
30_3,0.002044346649199724,0.18972627818584442,24.82,67.03,Korangi_Industrial,2021-07,"{""type"":""Point"",""coordinates"":[67.03,24.820000000000004]}"
30_4,,,24.98,67.12,North_Nazimabad,2021-07,"{""type"":""Point"",""coordinates"":[67.12,24.98]}"
30_5,,,24.89,67.13,Gulistan_Jauhar,2021-07,"{""type"":""Point"",""coordinates"":[67.13,24.89]}"
30_6,0.027422303333878517,-0.07209302484989166,24.81,66.99,Landhi,2021-07,"{""type"":""Point"",""coordinates"":[66.99000000000001,24.809999999999995]}"
30_7,,,24.92,67.05,Federal_B_Area,2021-07,"{""type"":""Point"",""coordinates"":[67.05,24.92]}"
31_0,0.063259057700634,0.00915546901524067,24.9056,67.0822,Gulshan-e-Iqbal,2021-08,"{""type"":""Point"",""coordinates"":[67.0822,24.9056]}"
31_1,0.10874661058187485,0.02442004717886448,24.856,67.01,Saddar,2021-08,"{""type"":""Point"",""coordinates"":[67.01,24.856]}"
31_2,0.10793819278478622,0.02993904799222946,24.94,66.98,SITE_Industrial,2021-08,"{""type"":""Point"",""coordinates"":[66.98,24.94]}"
31_3,-0.005079364869743586,0.20007571578025818,24.82,67.03,Korangi_Industrial,2021-08,"{""type"":""Point"",""coordinates"":[67.03,24.820000000000004]}"
31_4,0.14299610257148743,0.0969013050198555,24.98,67.12,North_Nazimabad,2021-08,"{""type"":""Point"",""coordinates"":[67.12,24.98]}"
31_5,0.12540476024150848,0.15361563861370087,24.89,67.13,Gulistan_Jauhar,2021-08,"{""type"":""Point"",""coordinates"":[67.13,24.89]}"
31_6,0.014569536782801151,-0.0486743189394474,24.81,66.99,Landhi,2021-08,"{""type"":""Point"",""coordinates"":[66.99000000000001,24.809999999999995]}"
31_7,0.11594203114509583,0.027688603848218918,24.92,67.05,Federal_B_Area,2021-08,"{""type"":""Point"",""coordinates"":[67.05,24.92]}"
32_0,0.09284795075654984,0.0065003144554793835,24.9056,67.0822,Gulshan-e-Iqbal,2021-09,"{""type"":""Point"",""coordinates"":[67.0822,24.9056]}"
32_1,0.11593613773584366,0.020945148542523384,24.856,67.01,Saddar,2021-09,"{""type"":""Point"",""coordinates"":[67.01,24.856]}"
32_2,0.12162162363529205,0.011115370318293571,24.94,66.98,SITE_Industrial,2021-09,"{""type"":""Point"",""coordinates"":[66.98,24.94]}"
32_3,-0.002473663305863738,0.2563096880912781,24.82,67.03,Korangi_Industrial,2021-09,"{""type"":""Point"",""coordinates"":[67.03,24.820000000000004]}"
32_4,0.12536746263504028,0.12182993441820145,24.98,67.12,North_Nazimabad,2021-09,"{""type"":""Point"",""coordinates"":[67.12,24.98]}"
32_5,0.09931889176368713,0.19875098764896393,24.89,67.13,Gulistan_Jauhar,2021-09,"{""type"":""Point"",""coordinates"":[67.13,24.89]}"
32_6,-0.03342316672205925,-0.08945704251527786,24.81,66.99,Landhi,2021-09,"{""type"":""Point"",""coordinates"":[66.99000000000001,24.809999999999995]}"
32_7,0.10722100734710693,0.027522936463356018,24.92,67.05,Federal_B_Area,2021-09,"{""type"":""Point"",""coordinates"":[67.05,24.92]}"
33_0,0.04407663270831108,0.040735505521297455,24.9056,67.0822,Gulshan-e-Iqbal,2021-10,"{""type"":""Point"",""coordinates"":[67.0822,24.9056]}"
33_1,0.11526250094175339,0.05127871409058571,24.856,67.01,Saddar,2021-10,"{""type"":""Point"",""coordinates"":[67.01,24.856]}"
33_2,0.09268465638160706,0.039532795548439026,24.94,66.98,SITE_Industrial,2021-10,"{""type"":""Point"",""coordinates"":[66.98,24.94]}"
33_3,-0.04925096780061722,0.33578190207481384,24.82,67.03,Korangi_Industrial,2021-10,"{""type"":""Point"",""coordinates"":[67.03,24.820000000000004]}"
33_4,0.12738700211048126,0.17855443060398102,24.98,67.12,North_Nazimabad,2021-10,"{""type"":""Point"",""coordinates"":[67.12,24.98]}"
33_5,0.05160364508628845,0.25636106729507446,24.89,67.13,Gulistan_Jauhar,2021-10,"{""type"":""Point"",""coordinates"":[67.13,24.89]}"
33_6,0.2781902253627777,-0.04753360524773598,24.81,66.99,Landhi,2021-10,"{""type"":""Point"",""coordinates"":[66.99000000000001,24.809999999999995]}"
33_7,0.10574210435152054,0.057339172810316086,24.92,67.05,Federal_B_Area,2021-10,"{""type"":""Point"",""coordinates"":[67.05,24.92]}"
34_0,0.043334219604730606,0.048751529306173325,24.9056,67.0822,Gulshan-e-Iqbal,2021-11,"{""type"":""Point"",""coordinates"":[67.0822,24.9056]}"
34_1,0.12338199466466904,0.06066678836941719,24.856,67.01,Saddar,2021-11,"{""type"":""Point"",""coordinates"":[67.01,24.856]}"
34_2,0.1023673564195633,0.0499022975564003,24.94,66.98,SITE_Industrial,2021-11,"{""type"":""Point"",""coordinates"":[66.98,24.94]}"
34_3,0.034406524151563644,0.19680918753147125,24.82,67.03,Korangi_Industrial,2021-11,"{""type"":""Point"",""coordinates"":[67.03,24.820000000000004]}"
34_4,0.1235562339425087,0.14039002358913422,24.98,67.12,North_Nazimabad,2021-11,"{""type"":""Point"",""coordinates"":[67.12,24.98]}"
34_5,0.08370064198970795,0.23275092244148254,24.89,67.13,Gulistan_Jauhar,2021-11,"{""type"":""Point"",""coordinates"":[67.13,24.89]}"
34_6,0.24592173099517822,-0.17432919144630432,24.81,66.99,Landhi,2021-11,"{""type"":""Point"",""coordinates"":[66.99000000000001,24.809999999999995]}"
34_7,0.09481256455183029,0.0690651386976242,24.92,67.05,Federal_B_Area,2021-11,"{""type"":""Point"",""coordinates"":[67.05,24.92]}"
35_0,0.025709064677357674,0.053535014390945435,24.9056,67.0822,Gulshan-e-Iqbal,2021-12,"{""type"":""Point"",""coordinates"":[67.0822,24.9056]}"
35_1,0.1127869039773941,0.06654220074415207,24.856,67.01,Saddar,2021-12,"{""type"":""Point"",""coordinates"":[67.01,24.856]}"
35_2,0.09331727772951126,0.06267742067575455,24.94,66.98,SITE_Industrial,2021-12,"{""type"":""Point"",""coordinates"":[66.98,24.94]}"
35_3,0.07356507331132889,0.1443721354007721,24.82,67.03,Korangi_Industrial,2021-12,"{""type"":""Point"",""coordinates"":[67.03,24.820000000000004]}"
35_4,0.1209777221083641,0.13481126725673676,24.98,67.12,North_Nazimabad,2021-12,"{""type"":""Point"",""coordinates"":[67.12,24.98]}"
35_5,0.019261637702584267,0.29237112402915955,24.89,67.13,Gulistan_Jauhar,2021-12,"{""type"":""Point"",""coordinates"":[67.13,24.89]}"
35_6,0.10290316492319107,-0.09846127033233643,24.81,66.99,Landhi,2021-12,"{""type"":""Point"",""coordinates"":[66.99000000000001,24.809999999999995]}"
35_7,0.1052505373954773,0.0747978463768959,24.92,67.05,Federal_B_Area,2021-12,"{""type"":""Point"",""coordinates"":[67.05,24.92]}"
36_0,0.038879673928022385,0.041312020272016525,24.9056,67.0822,Gulshan-e-Iqbal,2022-01,"{""type"":""Point"",""coordinates"":[67.0822,24.9056]}"
36_1,0.10462929308414459,0.05809493735432625,24.856,67.01,Saddar,2022-01,"{""type"":""Point"",""coordinates"":[67.01,24.856]}"
36_2,0.08899329602718353,0.051870450377464294,24.94,66.98,SITE_Industrial,2022-01,"{""type"":""Point"",""coordinates"":[66.98,24.94]}"
36_3,0.0728837177157402,0.12627951800823212,24.82,67.03,Korangi_Industrial,2022-01,"{""type"":""Point"",""coordinates"":[67.03,24.820000000000004]}"
36_4,0.12108628451824188,0.2142060548067093,24.98,67.12,North_Nazimabad,2022-01,"{""type"":""Point"",""coordinates"":[67.12,24.98]}"
36_5,0.08242303878068924,0.23525023460388184,24.89,67.13,Gulistan_Jauhar,2022-01,"{""type"":""Point"",""coordinates"":[67.13,24.89]}"
36_6,0.10967196524143219,-0.20905368030071259,24.81,66.99,Landhi,2022-01,"{""type"":""Point"",""coordinates"":[66.99000000000001,24.809999999999995]}"
36_7,0.09080778062343597,0.06761027127504349,24.92,67.05,Federal_B_Area,2022-01,"{""type"":""Point"",""coordinates"":[67.05,24.92]}"
37_0,0.04820835217833519,0.042759668081998825,24.9056,67.0822,Gulshan-e-Iqbal,2022-02,"{""type"":""Point"",""coordinates"":[67.0822,24.9056]}"
37_1,0.10650897026062012,0.07468710094690323,24.856,67.01,Saddar,2022-02,"{""type"":""Point"",""coordinates"":[67.01,24.856]}"
37_2,0.09045751392841339,0.04829621687531471,24.94,66.98,SITE_Industrial,2022-02,"{""type"":""Point"",""coordinates"":[66.98,24.94]}"
37_3,0.07767537981271744,0.10395371168851852,24.82,67.03,Korangi_Industrial,2022-02,"{""type"":""Point"",""coordinates"":[67.03,24.820000000000004]}"
37_4,0.11576847732067108,0.18500608205795288,24.98,67.12,North_Nazimabad,2022-02,"{""type"":""Point"",""coordinates"":[67.12,24.98]}"
37_5,0.04635178670287132,0.26595810055732727,24.89,67.13,Gulistan_Jauhar,2022-02,"{""type"":""Point"",""coordinates"":[67.13,24.89]}"
37_6,0.5782438516616821,-0.05408104881644249,24.81,66.99,Landhi,2022-02,"{""type"":""Point"",""coordinates"":[66.99000000000001,24.809999999999995]}"
37_7,0.10132778435945511,0.06759534776210785,24.92,67.05,Federal_B_Area,2022-02,"{""type"":""Point"",""coordinates"":[67.05,24.92]}"
38_0,0.03812316805124283,0.039953604340553284,24.9056,67.0822,Gulshan-e-Iqbal,2022-03,"{""type"":""Point"",""coordinates"":[67.0822,24.9056]}"
38_1,0.09777550399303436,0.05546648055315018,24.856,67.01,Saddar,2022-03,"{""type"":""Point"",""coordinates"":[67.01,24.856]}"
38_2,0.08767224848270416,0.04670190066099167,24.94,66.98,SITE_Industrial,2022-03,"{""type"":""Point"",""coordinates"":[66.98,24.94]}"
38_3,0.08140677958726883,0.11251417547464371,24.82,67.03,Korangi_Industrial,2022-03,"{""type"":""Point"",""coordinates"":[67.03,24.820000000000004]}"
38_4,0.10225057601928711,0.16299356520175934,24.98,67.12,North_Nazimabad,2022-03,"{""type"":""Point"",""coordinates"":[67.12,24.98]}"
38_5,0.07741653174161911,0.20321162045001984,24.89,67.13,Gulistan_Jauhar,2022-03,"{""type"":""Point"",""coordinates"":[67.13,24.89]}"
38_6,0.21719329059123993,0.013042178936302662,24.81,66.99,Landhi,2022-03,"{""type"":""Point"",""coordinates"":[66.99000000000001,24.809999999999995]}"
38_7,0.09196837246417999,0.0630110651254654,24.92,67.05,Federal_B_Area,2022-03,"{""type"":""Point"",""coordinates"":[67.05,24.92]}"
39_0,0.05010814592242241,0.031600408256053925,24.9056,67.0822,Gulshan-e-Iqbal,2022-04,"{""type"":""Point"",""coordinates"":[67.0822,24.9056]}"
39_1,0.10011566430330276,0.054316118359565735,24.856,67.01,Saddar,2022-04,"{""type"":""Point"",""coordinates"":[67.01,24.856]}"
39_2,0.0953478142619133,0.046754416078329086,24.94,66.98,SITE_Industrial,2022-04,"{""type"":""Point"",""coordinates"":[66.98,24.94]}"
39_3,0.08221106231212616,0.12392891198396683,24.82,67.03,Korangi_Industrial,2022-04,"{""type"":""Point"",""coordinates"":[67.03,24.820000000000004]}"
39_4,0.09994615614414215,0.1681341826915741,24.98,67.12,North_Nazimabad,2022-04,"{""type"":""Point"",""coordinates"":[67.12,24.98]}"
39_5,0.100684754550457,0.18202193081378937,24.89,67.13,Gulistan_Jauhar,2022-04,"{""type"":""Point"",""coordinates"":[67.13,24.89]}"
39_6,0.1282140463590622,0.018145054578781128,24.81,66.99,Landhi,2022-04,"{""type"":""Point"",""coordinates"":[66.99000000000001,24.809999999999995]}"
39_7,0.1059911847114563,0.053841520100831985,24.92,67.05,Federal_B_Area,2022-04,"{""type"":""Point"",""coordinates"":[67.05,24.92]}"
40_0,0.026374738663434982,0.040179744362831116,24.9056,67.0822,Gulshan-e-Iqbal,2022-05,"{""type"":""Point"",""coordinates"":[67.0822,24.9056]}"
40_1,0.07877497375011444,0.04055790230631828,24.856,67.01,Saddar,2022-05,"{""type"":""Point"",""coordinates"":[67.01,24.856]}"
40_2,0.07556537538766861,0.03878989815711975,24.94,66.98,SITE_Industrial,2022-05,"{""type"":""Point"",""coordinates"":[66.98,24.94]}"
40_3,0.05535130575299263,0.12000807374715805,24.82,67.03,Korangi_Industrial,2022-05,"{""type"":""Point"",""coordinates"":[67.03,24.820000000000004]}"
40_4,0.083984375,0.13544973731040955,24.98,67.12,North_Nazimabad,2022-05,"{""type"":""Point"",""coordinates"":[67.12,24.98]}"
40_5,0.05651286244392395,0.1943701058626175,24.89,67.13,Gulistan_Jauhar,2022-05,"{""type"":""Point"",""coordinates"":[67.13,24.89]}"
40_6,0.12757830321788788,0.03442028909921646,24.81,66.99,Landhi,2022-05,"{""type"":""Point"",""coordinates"":[66.99000000000001,24.809999999999995]}"
40_7,0.07686524093151093,0.04622354730963707,24.92,67.05,Federal_B_Area,2022-05,"{""type"":""Point"",""coordinates"":[67.05,24.92]}"
41_0,0.03956303372979164,0.026344848796725273,24.9056,67.0822,Gulshan-e-Iqbal,2022-06,"{""type"":""Point"",""coordinates"":[67.0822,24.9056]}"
41_1,0.08072327822446823,0.04163941740989685,24.856,67.01,Saddar,2022-06,"{""type"":""Point"",""coordinates"":[67.01,24.856]}"
41_2,0.08188484609127045,0.040821343660354614,24.94,66.98,SITE_Industrial,2022-06,"{""type"":""Point"",""coordinates"":[66.98,24.94]}"
41_3,0.06953012198209763,0.12166174501180649,24.82,67.03,Korangi_Industrial,2022-06,"{""type"":""Point"",""coordinates"":[67.03,24.820000000000004]}"
41_4,0.14033661782741547,0.09365733712911606,24.98,67.12,North_Nazimabad,2022-06,"{""type"":""Point"",""coordinates"":[67.12,24.98]}"
41_5,0.039279256016016006,0.23142017424106598,24.89,67.13,Gulistan_Jauhar,2022-06,"{""type"":""Point"",""coordinates"":[67.13,24.89]}"
41_6,0.167847141623497,0.002163980156183243,24.81,66.99,Landhi,2022-06,"{""type"":""Point"",""coordinates"":[66.99000000000001,24.809999999999995]}"
41_7,0.09469321370124817,0.03238353505730629,24.92,67.05,Federal_B_Area,2022-06,"{""type"":""Point"",""coordinates"":[67.05,24.92]}"
42_0,,,24.9056,67.0822,Gulshan-e-Iqbal,2022-07,"{""type"":""Point"",""coordinates"":[67.0822,24.9056]}"
42_1,,,24.856,67.01,Saddar,2022-07,"{""type"":""Point"",""coordinates"":[67.01,24.856]}"
42_2,0.11536066979169846,-0.005684885196387768,24.94,66.98,SITE_Industrial,2022-07,"{""type"":""Point"",""coordinates"":[66.98,24.94]}"
42_3,,,24.82,67.03,Korangi_Industrial,2022-07,"{""type"":""Point"",""coordinates"":[67.03,24.820000000000004]}"
42_4,,,24.98,67.12,North_Nazimabad,2022-07,"{""type"":""Point"",""coordinates"":[67.12,24.98]}"
42_5,,,24.89,67.13,Gulistan_Jauhar,2022-07,"{""type"":""Point"",""coordinates"":[67.13,24.89]}"
42_6,0.09082180261611938,-0.08692637830972672,24.81,66.99,Landhi,2022-07,"{""type"":""Point"",""coordinates"":[66.99000000000001,24.809999999999995]}"
42_7,,,24.92,67.05,Federal_B_Area,2022-07,"{""type"":""Point"",""coordinates"":[67.05,24.92]}"
43_0,,,24.9056,67.0822,Gulshan-e-Iqbal,2022-08,"{""type"":""Point"",""coordinates"":[67.0822,24.9056]}"
43_1,,,24.856,67.01,Saddar,2022-08,"{""type"":""Point"",""coordinates"":[67.01,24.856]}"
43_2,,,24.94,66.98,SITE_Industrial,2022-08,"{""type"":""Point"",""coordinates"":[66.98,24.94]}"
43_3,-0.022967450320720673,0.16814158856868744,24.82,67.03,Korangi_Industrial,2022-08,"{""type"":""Point"",""coordinates"":[67.03,24.820000000000004]}"
43_4,,,24.98,67.12,North_Nazimabad,2022-08,"{""type"":""Point"",""coordinates"":[67.12,24.98]}"
43_5,,,24.89,67.13,Gulistan_Jauhar,2022-08,"{""type"":""Point"",""coordinates"":[67.13,24.89]}"
43_6,0.12339475005865097,-0.013199245557188988,24.81,66.99,Landhi,2022-08,"{""type"":""Point"",""coordinates"":[66.99000000000001,24.809999999999995]}"
43_7,,,24.92,67.05,Federal_B_Area,2022-08,"{""type"":""Point"",""coordinates"":[67.05,24.92]}"
44_0,0.09668747335672379,0.019676970317959785,24.9056,67.0822,Gulshan-e-Iqbal,2022-09,"{""type"":""Point"",""coordinates"":[67.0822,24.9056]}"
44_1,0.12406998127698898,0.042673829942941666,24.856,67.01,Saddar,2022-09,"{""type"":""Point"",""coordinates"":[67.01,24.856]}"
44_2,0.12209830433130264,0.029971856623888016,24.94,66.98,SITE_Industrial,2022-09,"{""type"":""Point"",""coordinates"":[66.98,24.94]}"
44_3,0.029652711004018784,0.15162430703639984,24.82,67.03,Korangi_Industrial,2022-09,"{""type"":""Point"",""coordinates"":[67.03,24.820000000000004]}"
44_4,0.044311247766017914,0.25066158175468445,24.98,67.12,North_Nazimabad,2022-09,"{""type"":""Point"",""coordinates"":[67.12,24.98]}"
44_5,0.04688214883208275,0.24734291434288025,24.89,67.13,Gulistan_Jauhar,2022-09,"{""type"":""Point"",""coordinates"":[67.13,24.89]}"
44_6,0.13337980210781097,-0.02149653248488903,24.81,66.99,Landhi,2022-09,"{""type"":""Point"",""coordinates"":[66.99000000000001,24.809999999999995]}"
44_7,0.13906678557395935,0.03412218019366264,24.92,67.05,Federal_B_Area,2022-09,"{""type"":""Point"",""coordinates"":[67.05,24.92]}"
45_0,0.06535414606332779,0.0473230704665184,24.9056,67.0822,Gulshan-e-Iqbal,2022-10,"{""type"":""Point"",""coordinates"":[67.0822,24.9056]}"
45_1,0.12004277855157852,0.05441441386938095,24.856,67.01,Saddar,2022-10,"{""type"":""Point"",""coordinates"":[67.01,24.856]}"
45_2,0.09026076644659042,0.054747965186834335,24.94,66.98,SITE_Industrial,2022-10,"{""type"":""Point"",""coordinates"":[66.98,24.94]}"
45_3,0.009804357774555683,0.17035816609859467,24.82,67.03,Korangi_Industrial,2022-10,"{""type"":""Point"",""coordinates"":[67.03,24.820000000000004]}"
45_4,0.08769069612026215,0.2174770087003708,24.98,67.12,North_Nazimabad,2022-10,"{""type"":""Point"",""coordinates"":[67.12,24.98]}"
45_5,0.06536144763231277,0.2442927211523056,24.89,67.13,Gulistan_Jauhar,2022-10,"{""type"":""Point"",""coordinates"":[67.13,24.89]}"
45_6,0.31910568475723267,-0.05456795543432236,24.81,66.99,Landhi,2022-10,"{""type"":""Point"",""coordinates"":[66.99000000000001,24.809999999999995]}"
45_7,0.1183834820985794,0.06205673888325691,24.92,67.05,Federal_B_Area,2022-10,"{""type"":""Point"",""coordinates"":[67.05,24.92]}"
46_0,0.06949013471603394,0.045671168714761734,24.9056,67.0822,Gulshan-e-Iqbal,2022-11,"{""type"":""Point"",""coordinates"":[67.0822,24.9056]}"
46_1,0.14637155830860138,0.04798946902155876,24.856,67.01,Saddar,2022-11,"{""type"":""Point"",""coordinates"":[67.01,24.856]}"
46_2,0.10935108363628387,0.041932400315999985,24.94,66.98,SITE_Industrial,2022-11,"{""type"":""Point"",""coordinates"":[66.98,24.94]}"
46_3,0.04474742338061333,0.13683971762657166,24.82,67.03,Korangi_Industrial,2022-11,"{""type"":""Point"",""coordinates"":[67.03,24.820000000000004]}"
46_4,0.11166030168533325,0.22273781895637512,24.98,67.12,North_Nazimabad,2022-11,"{""type"":""Point"",""coordinates"":[67.12,24.98]}"
46_5,0.07726072520017624,0.2758263945579529,24.89,67.13,Gulistan_Jauhar,2022-11,"{""type"":""Point"",""coordinates"":[67.13,24.89]}"
46_6,0.35373184084892273,-0.20936042070388794,24.81,66.99,Landhi,2022-11,"{""type"":""Point"",""coordinates"":[66.99000000000001,24.809999999999995]}"
46_7,0.1385611891746521,0.06598984450101852,24.92,67.05,Federal_B_Area,2022-11,"{""type"":""Point"",""coordinates"":[67.05,24.92]}"
47_0,0.04750992730259895,0.05460367724299431,24.9056,67.0822,Gulshan-e-Iqbal,2022-12,"{""type"":""Point"",""coordinates"":[67.0822,24.9056]}"
47_1,0.13911843299865723,0.05875198170542717,24.856,67.01,Saddar,2022-12,"{""type"":""Point"",""coordinates"":[67.01,24.856]}"
47_2,0.11464720964431763,0.05243401974439621,24.94,66.98,SITE_Industrial,2022-12,"{""type"":""Point"",""coordinates"":[66.98,24.94]}"
47_3,0.026905549690127373,0.14797085523605347,24.82,67.03,Korangi_Industrial,2022-12,"{""type"":""Point"",""coordinates"":[67.03,24.820000000000004]}"
47_4,0.10707001388072968,0.23889675736427307,24.98,67.12,North_Nazimabad,2022-12,"{""type"":""Point"",""coordinates"":[67.12,24.98]}"
47_5,0.10006342828273773,0.23611301183700562,24.89,67.13,Gulistan_Jauhar,2022-12,"{""type"":""Point"",""coordinates"":[67.13,24.89]}"
47_6,0.31182795763015747,-0.15074588358402252,24.81,66.99,Landhi,2022-12,"{""type"":""Point"",""coordinates"":[66.99000000000001,24.809999999999995]}"
47_7,0.12929631769657135,0.06679326295852661,24.92,67.05,Federal_B_Area,2022-12,"{""type"":""Point"",""coordinates"":[67.05,24.92]}"
48_0,0.044153980910778046,0.04955092445015907,24.9056,67.0822,Gulshan-e-Iqbal,2023-01,"{""type"":""Point"",""coordinates"":[67.0822,24.9056]}"
48_1,0.0928746908903122,0.08396946638822556,24.856,67.01,Saddar,2023-01,"{""type"":""Point"",""coordinates"":[67.01,24.856]}"
48_2,0.0893862247467041,0.06845186650753021,24.94,66.98,SITE_Industrial,2023-01,"{""type"":""Point"",""coordinates"":[66.98,24.94]}"
48_3,0.02461189031600952,0.15417130291461945,24.82,67.03,Korangi_Industrial,2023-01,"{""type"":""Point"",""coordinates"":[67.03,24.820000000000004]}"
48_4,0.08131471276283264,0.2069481611251831,24.98,67.12,North_Nazimabad,2023-01,"{""type"":""Point"",""coordinates"":[67.12,24.98]}"
48_5,0.07529478520154953,0.22170554101467133,24.89,67.13,Gulistan_Jauhar,2023-01,"{""type"":""Point"",""coordinates"":[67.13,24.89]}"
48_6,0.40894415974617004,-0.1403055489063263,24.81,66.99,Landhi,2023-01,"{""type"":""Point"",""coordinates"":[66.99000000000001,24.809999999999995]}"
48_7,0.10468125343322754,0.07854984700679779,24.92,67.05,Federal_B_Area,2023-01,"{""type"":""Point"",""coordinates"":[67.05,24.92]}"
49_0,0.052857983857393265,0.04966625198721886,24.9056,67.0822,Gulshan-e-Iqbal,2023-02,"{""type"":""Point"",""coordinates"":[67.0822,24.9056]}"
49_1,0.09845445305109024,0.07216150313615799,24.856,67.01,Saddar,2023-02,"{""type"":""Point"",""coordinates"":[67.01,24.856]}"
49_2,0.09486859291791916,0.0591038316488266,24.94,66.98,SITE_Industrial,2023-02,"{""type"":""Point"",""coordinates"":[66.98,24.94]}"
49_3,0.03393962234258652,0.14701883494853973,24.82,67.03,Korangi_Industrial,2023-02,"{""type"":""Point"",""coordinates"":[67.03,24.820000000000004]}"
49_4,0.08323874324560165,0.21241049468517303,24.98,67.12,North_Nazimabad,2023-02,"{""type"":""Point"",""coordinates"":[67.12,24.98]}"
49_5,0.08071818947792053,0.20882852375507355,24.89,67.13,Gulistan_Jauhar,2023-02,"{""type"":""Point"",""coordinates"":[67.13,24.89]}"
49_6,0.22244371473789215,-0.10343761742115021,24.81,66.99,Landhi,2023-02,"{""type"":""Point"",""coordinates"":[66.99000000000001,24.809999999999995]}"
49_7,0.1007358506321907,0.0713219940662384,24.92,67.05,Federal_B_Area,2023-02,"{""type"":""Point"",""coordinates"":[67.05,24.92]}"
50_0,0.0541825108230114,0.04049363732337952,24.9056,67.0822,Gulshan-e-Iqbal,2023-03,"{""type"":""Point"",""coordinates"":[67.0822,24.9056]}"
50_1,0.11800356209278107,0.05546833947300911,24.856,67.01,Saddar,2023-03,"{""type"":""Point"",""coordinates"":[67.01,24.856]}"
50_2,0.09070755541324615,0.046615321189165115,24.94,66.98,SITE_Industrial,2023-03,"{""type"":""Point"",""coordinates"":[66.98,24.94]}"
50_3,0.07372833043336868,0.12912215292453766,24.82,67.03,Korangi_Industrial,2023-03,"{""type"":""Point"",""coordinates"":[67.03,24.820000000000004]}"
50_4,0.08901116997003555,0.24718132615089417,24.98,67.12,North_Nazimabad,2023-03,"{""type"":""Point"",""coordinates"":[67.12,24.98]}"
50_5,0.07280701398849487,0.22081218659877777,24.89,67.13,Gulistan_Jauhar,2023-03,"{""type"":""Point"",""coordinates"":[67.13,24.89]}"
50_6,0.15279878675937653,-0.060959793627262115,24.81,66.99,Landhi,2023-03,"{""type"":""Point"",""coordinates"":[66.99000000000001,24.809999999999995]}"
50_7,0.1223401427268982,0.05919664725661278,24.92,67.05,Federal_B_Area,2023-03,"{""type"":""Point"",""coordinates"":[67.05,24.92]}"
51_0,0.055267393589019775,0.03394898772239685,24.9056,67.0822,Gulshan-e-Iqbal,2023-04,"{""type"":""Point"",""coordinates"":[67.0822,24.9056]}"
51_1,0.09814440459012985,0.05641014128923416,24.856,67.01,Saddar,2023-04,"{""type"":""Point"",""coordinates"":[67.01,24.856]}"
51_2,0.09593332558870316,0.052658561617136,24.94,66.98,SITE_Industrial,2023-04,"{""type"":""Point"",""coordinates"":[66.98,24.94]}"
51_3,0.060362447053194046,0.12612999975681305,24.82,67.03,Korangi_Industrial,2023-04,"{""type"":""Point"",""coordinates"":[67.03,24.820000000000004]}"
51_4,0.049133408814668655,0.23386727273464203,24.98,67.12,North_Nazimabad,2023-04,"{""type"":""Point"",""coordinates"":[67.12,24.98]}"
51_5,0.0742509737610817,0.20280654728412628,24.89,67.13,Gulistan_Jauhar,2023-04,"{""type"":""Point"",""coordinates"":[67.13,24.89]}"
51_6,0.20000000298023224,-0.0024271844886243343,24.81,66.99,Landhi,2023-04,"{""type"":""Point"",""coordinates"":[66.99000000000001,24.809999999999995]}"
51_7,0.09874708205461502,0.05855126306414604,24.92,67.05,Federal_B_Area,2023-04,"{""type"":""Point"",""coordinates"":[67.05,24.92]}"
52_0,0.07283006608486176,0.030197076499462128,24.9056,67.0822,Gulshan-e-Iqbal,2023-05,"{""type"":""Point"",""coordinates"":[67.0822,24.9056]}"
52_1,0.10531363636255264,0.04506029188632965,24.856,67.01,Saddar,2023-05,"{""type"":""Point"",""coordinates"":[67.01,24.856]}"
52_2,0.10987100005149841,0.03517596051096916,24.94,66.98,SITE_Industrial,2023-05,"{""type"":""Point"",""coordinates"":[66.98,24.94]}"
52_3,0.02728317119181156,0.1031416729092598,24.82,67.03,Korangi_Industrial,2023-05,"{""type"":""Point"",""coordinates"":[67.03,24.820000000000004]}"
52_4,0.06351183354854584,0.18854805827140808,24.98,67.12,North_Nazimabad,2023-05,"{""type"":""Point"",""coordinates"":[67.12,24.98]}"
52_5,0.09675037115812302,0.1747254878282547,24.89,67.13,Gulistan_Jauhar,2023-05,"{""type"":""Point"",""coordinates"":[67.13,24.89]}"
52_6,0.10473815351724625,-0.030789826065301895,24.81,66.99,Landhi,2023-05,"{""type"":""Point"",""coordinates"":[66.99000000000001,24.809999999999995]}"
52_7,0.08511203527450562,0.054612837731838226,24.92,67.05,Federal_B_Area,2023-05,"{""type"":""Point"",""coordinates"":[67.05,24.92]}"
53_0,0.07123932987451553,0.022478172555565834,24.9056,67.0822,Gulshan-e-Iqbal,2023-06,"{""type"":""Point"",""coordinates"":[67.0822,24.9056]}"
53_1,0.09543968737125397,0.0370618961751461,24.856,67.01,Saddar,2023-06,"{""type"":""Point"",""coordinates"":[67.01,24.856]}"
53_2,0.11015773564577103,0.03510340675711632,24.94,66.98,SITE_Industrial,2023-06,"{""type"":""Point"",""coordinates"":[66.98,24.94]}"
53_3,0.029655301943421364,0.10874626040458679,24.82,67.03,Korangi_Industrial,2023-06,"{""type"":""Point"",""coordinates"":[67.03,24.820000000000004]}"
53_4,0.13055583834648132,0.0987139493227005,24.98,67.12,North_Nazimabad,2023-06,"{""type"":""Point"",""coordinates"":[67.12,24.98]}"
53_5,0.06971445679664612,0.18987278640270233,24.89,67.13,Gulistan_Jauhar,2023-06,"{""type"":""Point"",""coordinates"":[67.13,24.89]}"
53_6,0.24775847792625427,-0.009072843007743359,24.81,66.99,Landhi,2023-06,"{""type"":""Point"",""coordinates"":[66.99000000000001,24.809999999999995]}"
53_7,0.0980047658085823,0.0385214239358902,24.92,67.05,Federal_B_Area,2023-06,"{""type"":""Point"",""coordinates"":[67.05,24.92]}"
54_0,-0.02243930846452713,0.013736570253968239,24.9056,67.0822,Gulshan-e-Iqbal,2023-07,"{""type"":""Point"",""coordinates"":[67.0822,24.9056]}"
54_1,0.09416715800762177,0.03358064591884613,24.856,67.01,Saddar,2023-07,"{""type"":""Point"",""coordinates"":[67.01,24.856]}"
54_2,0.026080328971147537,-0.011578192003071308,24.94,66.98,SITE_Industrial,2023-07,"{""type"":""Point"",""coordinates"":[66.98,24.94]}"
54_3,0.0041918670758605,0.1133774071931839,24.82,67.03,Korangi_Industrial,2023-07,"{""type"":""Point"",""coordinates"":[67.03,24.820000000000004]}"
54_4,,,24.98,67.12,North_Nazimabad,2023-07,"{""type"":""Point"",""coordinates"":[67.12,24.98]}"
54_5,,,24.89,67.13,Gulistan_Jauhar,2023-07,"{""type"":""Point"",""coordinates"":[67.13,24.89]}"
54_6,0.2364816963672638,-0.023761063814163208,24.81,66.99,Landhi,2023-07,"{""type"":""Point"",""coordinates"":[66.99000000000001,24.809999999999995]}"
54_7,,,24.92,67.05,Federal_B_Area,2023-07,"{""type"":""Point"",""coordinates"":[67.05,24.92]}"
55_0,0.08501292765140533,0.004977158736437559,24.9056,67.0822,Gulshan-e-Iqbal,2023-08,"{""type"":""Point"",""coordinates"":[67.0822,24.9056]}"
55_1,,,24.856,67.01,Saddar,2023-08,"{""type"":""Point"",""coordinates"":[67.01,24.856]}"
55_2,,,24.94,66.98,SITE_Industrial,2023-08,"{""type"":""Point"",""coordinates"":[66.98,24.94]}"
55_3,,,24.82,67.03,Korangi_Industrial,2023-08,"{""type"":""Point"",""coordinates"":[67.03,24.820000000000004]}"
55_4,0.12690019607543945,0.15069685876369476,24.98,67.12,North_Nazimabad,2023-08,"{""type"":""Point"",""coordinates"":[67.12,24.98]}"
55_5,,,24.89,67.13,Gulistan_Jauhar,2023-08,"{""type"":""Point"",""coordinates"":[67.13,24.89]}"
55_6,-0.016520991921424866,-0.04112836718559265,24.81,66.99,Landhi,2023-08,"{""type"":""Point"",""coordinates"":[66.99000000000001,24.809999999999995]}"
55_7,,,24.92,67.05,Federal_B_Area,2023-08,"{""type"":""Point"",""coordinates"":[67.05,24.92]}"
56_0,0.06724513322114944,0.03765450045466423,24.9056,67.0822,Gulshan-e-Iqbal,2023-09,"{""type"":""Point"",""coordinates"":[67.0822,24.9056]}"
56_1,0.12351484596729279,0.04147723317146301,24.856,67.01,Saddar,2023-09,"{""type"":""Point"",""coordinates"":[67.01,24.856]}"
56_2,0.11253006756305695,0.041043300181627274,24.94,66.98,SITE_Industrial,2023-09,"{""type"":""Point"",""coordinates"":[66.98,24.94]}"
56_3,0.0026261741295456886,0.03033445216715336,24.82,67.03,Korangi_Industrial,2023-09,"{""type"":""Point"",""coordinates"":[67.03,24.820000000000004]}"
56_4,0.06446939706802368,0.1707438826560974,24.98,67.12,North_Nazimabad,2023-09,"{""type"":""Point"",""coordinates"":[67.12,24.98]}"
56_5,0.022305412217974663,0.2755392789840698,24.89,67.13,Gulistan_Jauhar,2023-09,"{""type"":""Point"",""coordinates"":[67.13,24.89]}"
56_6,0.15171431005001068,-0.03750695660710335,24.81,66.99,Landhi,2023-09,"{""type"":""Point"",""coordinates"":[66.99000000000001,24.809999999999995]}"
56_7,0.10015649348497391,0.04025423899292946,24.92,67.05,Federal_B_Area,2023-09,"{""type"":""Point"",""coordinates"":[67.05,24.92]}"
57_0,0.06933747231960297,0.03539992496371269,24.9056,67.0822,Gulshan-e-Iqbal,2023-10,"{""type"":""Point"",""coordinates"":[67.0822,24.9056]}"
57_1,0.1496025025844574,0.03932053968310356,24.856,67.01,Saddar,2023-10,"{""type"":""Point"",""coordinates"":[67.01,24.856]}"
57_2,0.11559432744979858,0.035345036536455154,24.94,66.98,SITE_Industrial,2023-10,"{""type"":""Point"",""coordinates"":[66.98,24.94]}"
57_3,-0.0012560703326016665,0.04870025813579559,24.82,67.03,Korangi_Industrial,2023-10,"{""type"":""Point"",""coordinates"":[67.03,24.820000000000004]}"
57_4,0.07145322859287262,0.17882956564426422,24.98,67.12,North_Nazimabad,2023-10,"{""type"":""Point"",""coordinates"":[67.12,24.98]}"
57_5,0.03127330169081688,0.29416513442993164,24.89,67.13,Gulistan_Jauhar,2023-10,"{""type"":""Point"",""coordinates"":[67.13,24.89]}"
57_6,0.07266435772180557,-0.1213114783167839,24.81,66.99,Landhi,2023-10,"{""type"":""Point"",""coordinates"":[66.99000000000001,24.809999999999995]}"
57_7,0.11476793140172958,0.03230932354927063,24.92,67.05,Federal_B_Area,2023-10,"{""type"":""Point"",""coordinates"":[67.05,24.92]}"
58_0,0.08044638484716415,0.04740460589528084,24.9056,67.0822,Gulshan-e-Iqbal,2023-11,"{""type"":""Point"",""coordinates"":[67.0822,24.9056]}"
58_1,0.13923849165439606,0.03861190006136894,24.856,67.01,Saddar,2023-11,"{""type"":""Point"",""coordinates"":[67.01,24.856]}"
58_2,0.1185884177684784,0.052888836711645126,24.94,66.98,SITE_Industrial,2023-11,"{""type"":""Point"",""coordinates"":[66.98,24.94]}"
58_3,0.005649717524647713,0.07988055050373077,24.82,67.03,Korangi_Industrial,2023-11,"{""type"":""Point"",""coordinates"":[67.03,24.820000000000004]}"
58_4,0.03878583386540413,0.1606694608926773,24.98,67.12,North_Nazimabad,2023-11,"{""type"":""Point"",""coordinates"":[67.12,24.98]}"
58_5,0.048926014453172684,0.30281978845596313,24.89,67.13,Gulistan_Jauhar,2023-11,"{""type"":""Point"",""coordinates"":[67.13,24.89]}"
58_6,-0.0994504988193512,-0.2321944683790207,24.81,66.99,Landhi,2023-11,"{""type"":""Point"",""coordinates"":[66.99000000000001,24.809999999999995]}"
58_7,0.08719232678413391,0.048691097646951675,24.92,67.05,Federal_B_Area,2023-11,"{""type"":""Point"",""coordinates"":[67.05,24.92]}"
59_0,0.04988662153482437,0.056541018187999725,24.9056,67.0822,Gulshan-e-Iqbal,2023-12,"{""type"":""Point"",""coordinates"":[67.0822,24.9056]}"
59_1,0.11410786956548691,0.04762469232082367,24.856,67.01,Saddar,2023-12,"{""type"":""Point"",""coordinates"":[67.01,24.856]}"
59_2,0.10742709040641785,0.056054919958114624,24.94,66.98,SITE_Industrial,2023-12,"{""type"":""Point"",""coordinates"":[66.98,24.94]}"
59_3,-0.03733426332473755,0.07031102478504181,24.82,67.03,Korangi_Industrial,2023-12,"{""type"":""Point"",""coordinates"":[67.03,24.820000000000004]}"
59_4,0.0793054923415184,0.13191306591033936,24.98,67.12,North_Nazimabad,2023-12,"{""type"":""Point"",""coordinates"":[67.12,24.98]}"
59_5,0.032925356179475784,0.3534378707408905,24.89,67.13,Gulistan_Jauhar,2023-12,"{""type"":""Point"",""coordinates"":[67.13,24.89]}"
59_6,-0.1418275237083435,-0.21136726438999176,24.81,66.99,Landhi,2023-12,"{""type"":""Point"",""coordinates"":[66.99000000000001,24.809999999999995]}"
59_7,0.08258426934480667,0.0506637766957283,24.92,67.05,Federal_B_Area,2023-12,"{""type"":""Point"",""coordinates"":[67.05,24.92]}"
