date,pm25,pm25_count,scope,source
2019-01-01,45.0565,8,citywide,MERRA-2_GEE
2019-01-02,64.0866,8,citywide,MERRA-2_GEE
2019-01-03,96.9782,8,citywide,MERRA-2_GEE
2019-01-04,71.0507,8,citywide,MERRA-2_GEE
2019-01-05,92.753,8,citywide,MERRA-2_GEE
2019-01-06,113.2607,8,citywide,MERRA-2_GEE
2019-01-07,101.651,8,citywide,MERRA-2_GEE
2019-01-08,97.6206,8,citywide,MERRA-2_GEE
2019-01-09,104.2372,8,citywide,MERRA-2_GEE
2019-01-10,57.2878,8,citywide,MERRA-2_GEE
2019-01-11,51.4552,8,citywide,MERRA-2_GEE
2019-01-12,133.5387,8,citywide,MERRA-2_GEE
2019-01-13,106.3963,8,citywide,MERRA-2_GEE
2019-01-14,115.6435,8,citywide,MERRA-2_GEE
2019-01-15,88.5653,8,citywide,MERRA-2_GEE
2019-01-16,44.7297,8,citywide,MERRA-2_GEE
2019-01-17,96.1533,8,citywide,MERRA-2_GEE
2019-01-18,114.881,8,citywide,MERRA-2_GEE
2019-01-19,74.5808,8,citywide,MERRA-2_GEE
2019-01-20,52.0932,8,citywide,MERRA-2_GEE
2019-01-21,107.9344,8,citywide,MERRA-2_GEE
2019-01-22,35.623,8,citywide,MERRA-2_GEE
2019-01-23,59.3381,8,citywide,MERRA-2_GEE
2019-01-24,77.3951,8,citywide,MERRA-2_GEE
2019-01-25,69.2995,8,citywide,MERRA-2_GEE
2019-01-26,59.5266,8,citywide,MERRA-2_GEE
2019-01-27,56.3843,8,citywide,MERRA-2_GEE
2019-01-28,75.1607,8,citywide,MERRA-2_GEE
2019-01-29,70.9393,8,citywide,MERRA-2_GEE
2019-01-30,54.0111,8,citywide,MERRA-2_GEE
2019-01-31,88.337,8,citywide,MERRA-2_GEE
2019-02-01,88.5945,8,citywide,MERRA-2_GEE
2019-02-02,83.4345,8,citywide,MERRA-2_GEE
2019-02-03,72.8155,8,citywide,MERRA-2_GEE
2019-02-04,61.3432,8,citywide,MERRA-2_GEE
2019-02-05,46.9256,8,citywide,MERRA-2_GEE
2019-02-06,57.2665,8,citywide,MERRA-2_GEE
2019-02-07,68.9423,8,citywide,MERRA-2_GEE
2019-02-08,61.897,8,citywide,MERRA-2_GEE
2019-02-09,72.9204,8,citywide,MERRA-2_GEE
2019-02-10,48.8754,8,citywide,MERRA-2_GEE
2019-02-11,77.5561,8,citywide,MERRA-2_GEE
2019-02-12,76.7773,8,citywide,MERRA-2_GEE
2019-02-13,100.2615,8,citywide,MERRA-2_GEE
2019-02-14,69.7525,8,citywide,MERRA-2_GEE
2019-02-15,47.6552,8,citywide,MERRA-2_GEE
2019-02-16,45.1524,8,citywide,MERRA-2_GEE
2019-02-17,25.1101,8,citywide,MERRA-2_GEE
2019-02-18,37.9166,8,citywide,MERRA-2_GEE
2019-02-19,29.8467,8,citywide,MERRA-2_GEE
2019-02-20,41.3555,8,citywide,MERRA-2_GEE
2019-02-21,70.9371,8,citywide,MERRA-2_GEE
2019-02-22,45.6126,8,citywide,MERRA-2_GEE
2019-02-23,42.6754,8,citywide,MERRA-2_GEE
2019-02-24,56.8098,8,citywide,MERRA-2_GEE
2019-02-25,60.4172,8,citywide,MERRA-2_GEE
2019-02-26,57.1097,8,citywide,MERRA-2_GEE
2019-02-27,41.8521,8,citywide,MERRA-2_GEE
2019-02-28,29.1117,8,citywide,MERRA-2_GEE
2019-03-01,35.753,8,citywide,MERRA-2_GEE
2019-03-02,102.031,8,citywide,MERRA-2_GEE
2019-03-03,135.9206,8,citywide,MERRA-2_GEE
2019-03-04,87.4209,8,citywide,MERRA-2_GEE
2019-03-05,53.3857,8,citywide,MERRA-2_GEE
2019-03-06,36.6089,8,citywide,MERRA-2_GEE
2019-03-07,33.8296,8,citywide,MERRA-2_GEE
2019-03-08,63.7838,8,citywide,MERRA-2_GEE
2019-03-09,84.9403,8,citywide,MERRA-2_GEE
2019-03-10,58.489,8,citywide,MERRA-2_GEE
2019-03-11,65.3857,8,citywide,MERRA-2_GEE
2019-03-12,53.2371,8,citywide,MERRA-2_GEE
2019-03-13,34.021,8,citywide,MERRA-2_GEE
2019-03-14,34.418,8,citywide,MERRA-2_GEE
2019-03-15,40.5417,8,citywide,MERRA-2_GEE
2019-03-16,41.9083,8,citywide,MERRA-2_GEE
2019-03-17,38.2347,8,citywide,MERRA-2_GEE
2019-03-18,38.121,8,citywide,MERRA-2_GEE
2019-03-19,54.2894,8,citywide,MERRA-2_GEE
2019-03-20,64.8915,8,citywide,MERRA-2_GEE
2019-03-21,48.6095,8,citywide,MERRA-2_GEE
2019-03-22,55.0865,8,citywide,MERRA-2_GEE
2019-03-23,74.377,8,citywide,MERRA-2_GEE
2019-03-24,74.1313,8,citywide,MERRA-2_GEE
2019-03-25,52.6313,8,citywide,MERRA-2_GEE
2019-03-26,60.3404,8,citywide,MERRA-2_GEE
2019-03-27,81.6386,8,citywide,MERRA-2_GEE
2019-03-28,110.8189,8,citywide,MERRA-2_GEE
2019-03-29,93.1952,8,citywide,MERRA-2_GEE
2019-03-30,64.4146,8,citywide,MERRA-2_GEE
2019-03-31,69.2941,8,citywide,MERRA-2_GEE
2019-04-01,52.201,8,citywide,MERRA-2_GEE
2019-04-02,42.5931,8,citywide,MERRA-2_GEE
2019-04-03,58.0345,8,citywide,MERRA-2_GEE
2019-04-04,72.0289,8,citywide,MERRA-2_GEE
2019-04-05,81.4034,8,citywide,MERRA-2_GEE
2019-04-06,87.9602,8,citywide,MERRA-2_GEE
2019-04-07,82.7896,8,citywide,MERRA-2_GEE
2019-04-08,60.157,8,citywide,MERRA-2_GEE
2019-04-09,70.5225,8,citywide,MERRA-2_GEE
2019-04-10,72.6853,8,citywide,MERRA-2_GEE
2019-04-11,74.9097,8,citywide,MERRA-2_GEE
2019-04-12,93.482,8,citywide,MERRA-2_GEE
2019-04-13,66.8174,8,citywide,MERRA-2_GEE
2019-04-14,77.5487,8,citywide,MERRA-2_GEE
2019-04-15,46.9232,8,citywide,MERRA-2_GEE
2019-04-16,46.3686,8,citywide,MERRA-2_GEE
2019-04-17,37.9259,8,citywide,MERRA-2_GEE
2019-04-18,41.333,8,citywide,MERRA-2_GEE
2019-04-19,39.9267,8,citywide,MERRA-2_GEE
2019-04-20,43.4158,8,citywide,MERRA-2_GEE
2019-04-21,47.2534,8,citywide,MERRA-2_GEE
2019-04-22,50.9062,8,citywide,MERRA-2_GEE
2019-04-23,51.1038,8,citywide,MERRA-2_GEE
2019-04-24,47.0798,8,citywide,MERRA-2_GEE
2019-04-25,75.9622,8,citywide,MERRA-2_GEE
2019-04-26,109.6397,8,citywide,MERRA-2_GEE
2019-04-27,85.3573,8,citywide,MERRA-2_GEE
2019-04-28,87.4716,8,citywide,MERRA-2_GEE
2019-04-29,107.384,8,citywide,MERRA-2_GEE
2019-04-30,111.1289,8,citywide,MERRA-2_GEE
2019-05-01,80.1794,8,citywide,MERRA-2_GEE
2019-05-02,68.127,8,citywide,MERRA-2_GEE
2019-05-03,55.8606,8,citywide,MERRA-2_GEE
2019-05-04,53.1413,8,citywide,MERRA-2_GEE
2019-05-05,49.5845,8,citywide,MERRA-2_GEE
2019-05-06,67.16,8,citywide,MERRA-2_GEE
2019-05-07,69.4455,8,citywide,MERRA-2_GEE
2019-05-08,61.7866,8,citywide,MERRA-2_GEE
2019-05-09,71.766,8,citywide,MERRA-2_GEE
2019-05-10,70.6988,8,citywide,MERRA-2_GEE
2019-05-11,77.2123,8,citywide,MERRA-2_GEE
2019-05-12,68.9679,8,citywide,MERRA-2_GEE
2019-05-13,75.8584,8,citywide,MERRA-2_GEE
2019-05-14,88.9243,8,citywide,MERRA-2_GEE
2019-05-15,58.6391,8,citywide,MERRA-2_GEE
2019-05-16,68.9317,8,citywide,MERRA-2_GEE
2019-05-17,67.5562,8,citywide,MERRA-2_GEE
2019-05-18,65.6321,8,citywide,MERRA-2_GEE
2019-05-19,65.3438,8,citywide,MERRA-2_GEE
2019-05-20,96.3491,8,citywide,MERRA-2_GEE
2019-05-21,79.1917,8,citywide,MERRA-2_GEE
2019-05-22,99.353,8,citywide,MERRA-2_GEE
2019-05-23,100.4163,8,citywide,MERRA-2_GEE
2019-05-24,92.045,8,citywide,MERRA-2_GEE
2019-05-25,60.2307,8,citywide,MERRA-2_GEE
2019-05-26,78.4209,8,citywide,MERRA-2_GEE
2019-05-27,95.8334,8,citywide,MERRA-2_GEE
2019-05-28,87.6562,8,citywide,MERRA-2_GEE
2019-05-29,98.6489,8,citywide,MERRA-2_GEE
2019-05-30,110.185,8,citywide,MERRA-2_GEE
2019-05-31,92.6198,8,citywide,MERRA-2_GEE
2019-06-01,81.568,8,citywide,MERRA-2_GEE
2019-06-02,92.5884,8,citywide,MERRA-2_GEE
2019-06-03,97.7383,8,citywide,MERRA-2_GEE
2019-06-04,113.9023,8,citywide,MERRA-2_GEE
2019-06-05,111.6266,8,citywide,MERRA-2_GEE
2019-06-06,94.3332,8,citywide,MERRA-2_GEE
2019-06-07,97.8773,8,citywide,MERRA-2_GEE
2019-06-08,93.2536,8,citywide,MERRA-2_GEE
2019-06-09,81.634,8,citywide,MERRA-2_GEE
2019-06-10,92.1846,8,citywide,MERRA-2_GEE
2019-06-11,202.2924,8,citywide,MERRA-2_GEE
2019-06-12,202.166,8,citywide,MERRA-2_GEE
2019-06-13,90.761,8,citywide,MERRA-2_GEE
2019-06-14,106.7752,8,citywide,MERRA-2_GEE
2019-06-15,109.5647,8,citywide,MERRA-2_GEE
2019-06-16,109.734,8,citywide,MERRA-2_GEE
2019-06-17,77.5191,8,citywide,MERRA-2_GEE
2019-06-18,110.5059,8,citywide,MERRA-2_GEE
2019-06-19,107.2812,8,citywide,MERRA-2_GEE
2019-06-20,47.133,8,citywide,MERRA-2_GEE
2019-06-21,85.0009,8,citywide,MERRA-2_GEE
2019-06-22,83.5514,8,citywide,MERRA-2_GEE
2019-06-23,78.3991,8,citywide,MERRA-2_GEE
2019-06-24,79.0367,8,citywide,MERRA-2_GEE
2019-06-25,71.802,8,citywide,MERRA-2_GEE
2019-06-26,63.7247,8,citywide,MERRA-2_GEE
2019-06-27,79.3545,8,citywide,MERRA-2_GEE
2019-06-28,98.4507,8,citywide,MERRA-2_GEE
2019-06-29,105.4046,8,citywide,MERRA-2_GEE
2019-06-30,125.1945,8,citywide,MERRA-2_GEE
2019-07-01,102.2687,8,citywide,MERRA-2_GEE
2019-07-02,70.2041,8,citywide,MERRA-2_GEE
2019-07-03,66.8427,8,citywide,MERRA-2_GEE
2019-07-04,108.7491,8,citywide,MERRA-2_GEE
2019-07-05,88.5457,8,citywide,MERRA-2_GEE
2019-07-06,83.2596,8,citywide,MERRA-2_GEE
2019-07-07,89.8069,8,citywide,MERRA-2_GEE
2019-07-08,81.6129,8,citywide,MERRA-2_GEE
2019-07-09,109.0389,8,citywide,MERRA-2_GEE
2019-07-10,101.0639,8,citywide,MERRA-2_GEE
2019-07-11,93.1747,8,citywide,MERRA-2_GEE
2019-07-12,86.9694,8,citywide,MERRA-2_GEE
2019-07-13,69.6556,8,citywide,MERRA-2_GEE
2019-07-14,123.9008,8,citywide,MERRA-2_GEE
2019-07-15,106.6237,8,citywide,MERRA-2_GEE
2019-07-16,125.2573,8,citywide,MERRA-2_GEE
2019-07-17,80.3646,8,citywide,MERRA-2_GEE
2019-07-18,61.4659,8,citywide,MERRA-2_GEE
2019-07-19,67.4667,8,citywide,MERRA-2_GEE
2019-07-20,60.8525,8,citywide,MERRA-2_GEE
2019-07-21,62.6614,8,citywide,MERRA-2_GEE
2019-07-22,56.5885,8,citywide,MERRA-2_GEE
2019-07-23,57.5629,8,citywide,MERRA-2_GEE
2019-07-24,60.1785,8,citywide,MERRA-2_GEE
2019-07-25,95.5815,8,citywide,MERRA-2_GEE
2019-07-26,139.0016,8,citywide,MERRA-2_GEE
2019-07-27,136.9659,8,citywide,MERRA-2_GEE
2019-07-28,99.1088,8,citywide,MERRA-2_GEE
2019-07-29,75.969,8,citywide,MERRA-2_GEE
2019-07-30,98.1994,8,citywide,MERRA-2_GEE
2019-07-31,90.8683,8,citywide,MERRA-2_GEE
2019-08-01,73.6414,8,citywide,MERRA-2_GEE
2019-08-02,112.0917,8,citywide,MERRA-2_GEE
2019-08-03,116.0191,8,citywide,MERRA-2_GEE
2019-08-04,93.2634,8,citywide,MERRA-2_GEE
2019-08-05,95.917,8,citywide,MERRA-2_GEE
2019-08-06,84.9513,8,citywide,MERRA-2_GEE
2019-08-07,93.0267,8,citywide,MERRA-2_GEE
2019-08-08,188.5776,8,citywide,MERRA-2_GEE
2019-08-09,130.3166,8,citywide,MERRA-2_GEE
2019-08-10,132.3236,8,citywide,MERRA-2_GEE
2019-08-11,128.9829,8,citywide,MERRA-2_GEE
2019-08-12,78.4993,8,citywide,MERRA-2_GEE
2019-08-13,44.2871,8,citywide,MERRA-2_GEE
2019-08-14,29.4677,8,citywide,MERRA-2_GEE
2019-08-15,30.2335,8,citywide,MERRA-2_GEE
2019-08-16,32.5509,8,citywide,MERRA-2_GEE
2019-08-17,46.604,8,citywide,MERRA-2_GEE
2019-08-18,41.8445,8,citywide,MERRA-2_GEE
2019-08-19,29.3233,8,citywide,MERRA-2_GEE
2019-08-20,25.0313,8,citywide,MERRA-2_GEE
2019-08-21,28.8621,8,citywide,MERRA-2_GEE
2019-08-22,37.6847,8,citywide,MERRA-2_GEE
2019-08-23,31.9923,8,citywide,MERRA-2_GEE
2019-08-24,32.7883,8,citywide,MERRA-2_GEE
2019-08-25,29.312,8,citywide,MERRA-2_GEE
2019-08-26,31.8016,8,citywide,MERRA-2_GEE
2019-08-27,32.8253,8,citywide,MERRA-2_GEE
2019-08-28,40.7138,8,citywide,MERRA-2_GEE
2019-08-29,43.1738,8,citywide,MERRA-2_GEE
2019-08-30,42.5308,8,citywide,MERRA-2_GEE
2019-08-31,56.0615,8,citywide,MERRA-2_GEE
2019-09-01,90.6624,8,citywide,MERRA-2_GEE
2019-09-02,62.3828,8,citywide,MERRA-2_GEE
2019-09-03,35.2776,8,citywide,MERRA-2_GEE
2019-09-04,46.103,8,citywide,MERRA-2_GEE
2019-09-05,60.276,8,citywide,MERRA-2_GEE
2019-09-06,68.0731,8,citywide,MERRA-2_GEE
2019-09-07,90.8971,8,citywide,MERRA-2_GEE
2019-09-08,89.3909,8,citywide,MERRA-2_GEE
2019-09-09,58.2046,8,citywide,MERRA-2_GEE
2019-09-10,59.2551,8,citywide,MERRA-2_GEE
2019-09-11,53.6414,8,citywide,MERRA-2_GEE
2019-09-12,42.6776,8,citywide,MERRA-2_GEE
2019-09-13,44.623,8,citywide,MERRA-2_GEE
2019-09-14,43.4701,8,citywide,MERRA-2_GEE
2019-09-15,44.836,8,citywide,MERRA-2_GEE
2019-09-16,107.9495,8,citywide,MERRA-2_GEE
2019-09-17,129.0348,8,citywide,MERRA-2_GEE
2019-09-18,57.6199,8,citywide,MERRA-2_GEE
2019-09-19,47.9059,8,citywide,MERRA-2_GEE
2019-09-20,56.8774,8,citywide,MERRA-2_GEE
2019-09-21,55.561,8,citywide,MERRA-2_GEE
2019-09-22,50.2139,8,citywide,MERRA-2_GEE
2019-09-23,38.8853,8,citywide,MERRA-2_GEE
2019-09-24,35.0881,8,citywide,MERRA-2_GEE
2019-09-25,41.6061,8,citywide,MERRA-2_GEE
2019-09-26,39.0996,8,citywide,MERRA-2_GEE
2019-09-27,35.7966,8,citywide,MERRA-2_GEE
2019-09-28,46.6527,8,citywide,MERRA-2_GEE
2019-09-29,38.6,8,citywide,MERRA-2_GEE
2019-09-30,40.5687,8,citywide,MERRA-2_GEE
2019-10-01,49.1278,8,citywide,MERRA-2_GEE
2019-10-02,57.2196,8,citywide,MERRA-2_GEE
2019-10-03,56.2339,8,citywide,MERRA-2_GEE
2019-10-04,55.287,8,citywide,MERRA-2_GEE
2019-10-05,47.7309,8,citywide,MERRA-2_GEE
2019-10-06,61.2928,8,citywide,MERRA-2_GEE
2019-10-07,49.166,8,citywide,MERRA-2_GEE
2019-10-08,34.831,8,citywide,MERRA-2_GEE
2019-10-09,35.3057,8,citywide,MERRA-2_GEE
2019-10-10,30.8597,8,citywide,MERRA-2_GEE
2019-10-11,31.8002,8,citywide,MERRA-2_GEE
2019-10-12,37.5027,8,citywide,MERRA-2_GEE
2019-10-13,32.7462,8,citywide,MERRA-2_GEE
2019-10-14,36.5653,8,citywide,MERRA-2_GEE
2019-10-15,46.1393,8,citywide,MERRA-2_GEE
2019-10-16,37.8143,8,citywide,MERRA-2_GEE
2019-10-17,36.5294,8,citywide,MERRA-2_GEE
2019-10-18,57.1273,8,citywide,MERRA-2_GEE
2019-10-19,70.3446,8,citywide,MERRA-2_GEE
2019-10-20,61.9789,8,citywide,MERRA-2_GEE
2019-10-21,57.6138,8,citywide,MERRA-2_GEE
2019-10-22,53.3242,8,citywide,MERRA-2_GEE
2019-10-23,42.1741,8,citywide,MERRA-2_GEE
2019-10-24,35.2345,8,citywide,MERRA-2_GEE
2019-10-25,53.2974,8,citywide,MERRA-2_GEE
2019-10-26,69.8737,8,citywide,MERRA-2_GEE
2019-10-27,80.4012,8,citywide,MERRA-2_GEE
2019-10-28,65.8829,8,citywide,MERRA-2_GEE
2019-10-29,42.4736,8,citywide,MERRA-2_GEE
2019-10-30,36.1684,8,citywide,MERRA-2_GEE
2019-10-31,26.3723,8,citywide,MERRA-2_GEE
2019-11-01,23.3808,8,citywide,MERRA-2_GEE
2019-11-02,49.6699,8,citywide,MERRA-2_GEE
2019-11-03,59.2184,8,citywide,MERRA-2_GEE
2019-11-04,43.2009,8,citywide,MERRA-2_GEE
2019-11-05,43.4609,8,citywide,MERRA-2_GEE
2019-11-06,79.5988,8,citywide,MERRA-2_GEE
2019-11-07,56.9548,8,citywide,MERRA-2_GEE
2019-11-08,61.1646,8,citywide,MERRA-2_GEE
2019-11-09,48.9329,8,citywide,MERRA-2_GEE
2019-11-10,39.9677,8,citywide,MERRA-2_GEE
2019-11-11,27.2024,8,citywide,MERRA-2_GEE
2019-11-12,41.441,8,citywide,MERRA-2_GEE
2019-11-13,63.4969,8,citywide,MERRA-2_GEE
2019-11-14,94.3403,8,citywide,MERRA-2_GEE
2019-11-15,90.58,8,citywide,MERRA-2_GEE
2019-11-16,48.6261,8,citywide,MERRA-2_GEE
2019-11-17,64.3077,8,citywide,MERRA-2_GEE
2019-11-18,40.1459,8,citywide,MERRA-2_GEE
2019-11-19,26.1387,8,citywide,MERRA-2_GEE
2019-11-20,23.9487,8,citywide,MERRA-2_GEE
2019-11-21,42.9665,8,citywide,MERRA-2_GEE
2019-11-22,77.5466,8,citywide,MERRA-2_GEE
2019-11-23,99.6666,8,citywide,MERRA-2_GEE
2019-11-24,78.3414,8,citywide,MERRA-2_GEE
2019-11-25,56.9244,8,citywide,MERRA-2_GEE
2019-11-26,61.3719,8,citywide,MERRA-2_GEE
2019-11-27,49.2757,8,citywide,MERRA-2_GEE
2019-11-28,58.6007,8,citywide,MERRA-2_GEE
2019-11-29,56.4117,8,citywide,MERRA-2_GEE
2019-11-30,65.6948,8,citywide,MERRA-2_GEE
2019-12-01,69.1387,8,citywide,MERRA-2_GEE
2019-12-02,52.6868,8,citywide,MERRA-2_GEE
2019-12-03,52.7631,8,citywide,MERRA-2_GEE
2019-12-04,51.015,8,citywide,MERRA-2_GEE
2019-12-05,63.6193,8,citywide,MERRA-2_GEE
2019-12-06,60.3106,8,citywide,MERRA-2_GEE
2019-12-07,77.2196,8,citywide,MERRA-2_GEE
2019-12-08,89.4261,8,citywide,MERRA-2_GEE
2019-12-09,64.2708,8,citywide,MERRA-2_GEE
2019-12-10,34.5223,8,citywide,MERRA-2_GEE
2019-12-11,60.3218,8,citywide,MERRA-2_GEE
2019-12-12,69.3236,8,citywide,MERRA-2_GEE
2019-12-13,52.8496,8,citywide,MERRA-2_GEE
2019-12-14,41.2597,8,citywide,MERRA-2_GEE
2019-12-15,65.0671,8,citywide,MERRA-2_GEE
2019-12-16,70.9785,8,citywide,MERRA-2_GEE
2019-12-17,53.0974,8,citywide,MERRA-2_GEE
2019-12-18,49.3183,8,citywide,MERRA-2_GEE
2019-12-19,45.2812,8,citywide,MERRA-2_GEE
2019-12-20,42.2334,8,citywide,MERRA-2_GEE
2019-12-21,62.4561,8,citywide,MERRA-2_GEE
2019-12-22,62.7806,8,citywide,MERRA-2_GEE
2019-12-23,52.7267,8,citywide,MERRA-2_GEE
2019-12-24,40.6878,8,citywide,MERRA-2_GEE
2019-12-25,54.8414,8,citywide,MERRA-2_GEE
2019-12-26,51.3455,8,citywide,MERRA-2_GEE
2019-12-27,33.6452,8,citywide,MERRA-2_GEE
2019-12-28,76.9565,8,citywide,MERRA-2_GEE
2019-12-29,93.9862,8,citywide,MERRA-2_GEE
2019-12-30,95.5653,8,citywide,MERRA-2_GEE
2019-12-31,130.747,8,citywide,MERRA-2_GEE
2020-01-01,116.7331,8,citywide,MERRA-2_GEE
2020-01-02,117.0637,8,citywide,MERRA-2_GEE
2020-01-03,80.041,8,citywide,MERRA-2_GEE
2020-01-04,49.9179,8,citywide,MERRA-2_GEE
2020-01-05,52.8561,8,citywide,MERRA-2_GEE
2020-01-06,77.1584,8,citywide,MERRA-2_GEE
2020-01-07,98.0635,8,citywide,MERRA-2_GEE
2020-01-08,32.7598,8,citywide,MERRA-2_GEE
2020-01-09,37.7199,8,citywide,MERRA-2_GEE
2020-01-10,64.788,8,citywide,MERRA-2_GEE
2020-01-11,80.6703,8,citywide,MERRA-2_GEE
2020-01-12,123.0274,8,citywide,MERRA-2_GEE
2020-01-13,36.886,8,citywide,MERRA-2_GEE
2020-01-14,30.6505,8,citywide,MERRA-2_GEE
2020-01-15,43.9384,8,citywide,MERRA-2_GEE
2020-01-16,29.4949,8,citywide,MERRA-2_GEE
2020-01-17,19.8509,8,citywide,MERRA-2_GEE
2020-01-18,47.3511,8,citywide,MERRA-2_GEE
2020-01-19,49.5884,8,citywide,MERRA-2_GEE
2020-01-20,48.6458,8,citywide,MERRA-2_GEE
2020-01-21,41.6826,8,citywide,MERRA-2_GEE
2020-01-22,93.6847,8,citywide,MERRA-2_GEE
2020-01-23,71.4992,8,citywide,MERRA-2_GEE
2020-01-24,51.8185,8,citywide,MERRA-2_GEE
2020-01-25,33.2075,8,citywide,MERRA-2_GEE
2020-01-26,42.6881,8,citywide,MERRA-2_GEE
2020-01-27,47.6742,8,citywide,MERRA-2_GEE
2020-01-28,37.6135,8,citywide,MERRA-2_GEE
2020-01-29,29.9222,8,citywide,MERRA-2_GEE
2020-01-30,43.5405,8,citywide,MERRA-2_GEE
2020-01-31,30.139,8,citywide,MERRA-2_GEE
2020-02-01,49.0147,8,citywide,MERRA-2_GEE
2020-02-02,60.3208,8,citywide,MERRA-2_GEE
2020-02-03,34.4384,8,citywide,MERRA-2_GEE
2020-02-04,43.2659,8,citywide,MERRA-2_GEE
2020-02-05,76.8341,8,citywide,MERRA-2_GEE
2020-02-06,39.0829,8,citywide,MERRA-2_GEE
2020-02-07,60.4905,8,citywide,MERRA-2_GEE
2020-02-08,49.6467,8,citywide,MERRA-2_GEE
2020-02-09,41.4512,8,citywide,MERRA-2_GEE
2020-02-10,51.5742,8,citywide,MERRA-2_GEE
2020-02-11,54.383,8,citywide,MERRA-2_GEE
2020-02-12,68.7162,8,citywide,MERRA-2_GEE
2020-02-13,53.2433,8,citywide,MERRA-2_GEE
2020-02-14,51.6409,8,citywide,MERRA-2_GEE
2020-02-15,45.5497,8,citywide,MERRA-2_GEE
2020-02-16,37.6724,8,citywide,MERRA-2_GEE
2020-02-17,34.5309,8,citywide,MERRA-2_GEE
2020-02-18,37.2392,8,citywide,MERRA-2_GEE
2020-02-19,47.4836,8,citywide,MERRA-2_GEE
2020-02-20,64.3798,8,citywide,MERRA-2_GEE
2020-02-21,76.6728,8,citywide,MERRA-2_GEE
2020-02-22,66.7005,8,citywide,MERRA-2_GEE
2020-02-23,63.4163,8,citywide,MERRA-2_GEE
2020-02-24,53.1925,8,citywide,MERRA-2_GEE
2020-02-25,50.3812,8,citywide,MERRA-2_GEE
2020-02-26,50.7373,8,citywide,MERRA-2_GEE
2020-02-27,49.1696,8,citywide,MERRA-2_GEE
2020-02-28,112.4255,8,citywide,MERRA-2_GEE
2020-02-29,165.1994,8,citywide,MERRA-2_GEE
2020-03-01,97.2748,8,citywide,MERRA-2_GEE
2020-03-02,71.6469,8,citywide,MERRA-2_GEE
2020-03-03,66.1427,8,citywide,MERRA-2_GEE
2020-03-04,59.5565,8,citywide,MERRA-2_GEE
2020-03-05,78.4886,8,citywide,MERRA-2_GEE
2020-03-06,74.1692,8,citywide,MERRA-2_GEE
2020-03-07,51.8766,8,citywide,MERRA-2_GEE
2020-03-08,39.641,8,citywide,MERRA-2_GEE
2020-03-09,43.9677,8,citywide,MERRA-2_GEE
2020-03-10,64.9411,8,citywide,MERRA-2_GEE
2020-03-11,57.1596,8,citywide,MERRA-2_GEE
2020-03-12,80.8432,8,citywide,MERRA-2_GEE
2020-03-13,67.5293,8,citywide,MERRA-2_GEE
2020-03-14,69.7064,8,citywide,MERRA-2_GEE
2020-03-15,52.3034,8,citywide,MERRA-2_GEE
2020-03-16,63.1369,8,citywide,MERRA-2_GEE
2020-03-17,51.5095,8,citywide,MERRA-2_GEE
2020-03-18,45.4792,8,citywide,MERRA-2_GEE
2020-03-19,40.9169,8,citywide,MERRA-2_GEE
2020-03-20,55.2076,8,citywide,MERRA-2_GEE
2020-03-21,54.1999,8,citywide,MERRA-2_GEE
2020-03-22,43.0752,8,citywide,MERRA-2_GEE
2020-03-23,33.252,8,citywide,MERRA-2_GEE
2020-03-24,65.7102,8,citywide,MERRA-2_GEE
2020-03-25,53.0558,8,citywide,MERRA-2_GEE
2020-03-26,39.5433,8,citywide,MERRA-2_GEE
2020-03-27,39.9225,8,citywide,MERRA-2_GEE
2020-03-28,44.8194,8,citywide,MERRA-2_GEE
2020-03-29,38.264,8,citywide,MERRA-2_GEE
2020-03-30,56.7158,8,citywide,MERRA-2_GEE
2020-03-31,60.6039,8,citywide,MERRA-2_GEE
2020-04-01,44.6102,8,citywide,MERRA-2_GEE
2020-04-02,45.4876,8,citywide,MERRA-2_GEE
2020-04-03,46.2971,8,citywide,MERRA-2_GEE
2020-04-04,39.2315,8,citywide,MERRA-2_GEE
2020-04-05,52.8912,8,citywide,MERRA-2_GEE
2020-04-06,58.2185,8,citywide,MERRA-2_GEE
2020-04-07,57.4833,8,citywide,MERRA-2_GEE
2020-04-08,54.3328,8,citywide,MERRA-2_GEE
2020-04-09,38.1256,8,citywide,MERRA-2_GEE
2020-04-10,51.8558,8,citywide,MERRA-2_GEE
2020-04-11,51.4789,8,citywide,MERRA-2_GEE
2020-04-12,36.8592,8,citywide,MERRA-2_GEE
2020-04-13,42.6325,8,citywide,MERRA-2_GEE
2020-04-14,58.7262,8,citywide,MERRA-2_GEE
2020-04-15,73.1227,8,citywide,MERRA-2_GEE
2020-04-16,61.5348,8,citywide,MERRA-2_GEE
2020-04-17,46.631,8,citywide,MERRA-2_GEE
2020-04-18,45.0077,8,citywide,MERRA-2_GEE
2020-04-19,52.7093,8,citywide,MERRA-2_GEE
2020-04-20,47.624,8,citywide,MERRA-2_GEE
2020-04-21,41.3593,8,citywide,MERRA-2_GEE
2020-04-22,59.005,8,citywide,MERRA-2_GEE
2020-04-23,58.5673,8,citywide,MERRA-2_GEE
2020-04-24,86.3413,8,citywide,MERRA-2_GEE
2020-04-25,75.2369,8,citywide,MERRA-2_GEE
2020-04-26,54.9188,8,citywide,MERRA-2_GEE
2020-04-27,45.7762,8,citywide,MERRA-2_GEE
2020-04-28,27.8017,8,citywide,MERRA-2_GEE
2020-04-29,36.5999,8,citywide,MERRA-2_GEE
2020-04-30,22.9573,8,citywide,MERRA-2_GEE
2020-05-01,34.5536,8,citywide,MERRA-2_GEE
2020-05-02,53.892,8,citywide,MERRA-2_GEE
2020-05-03,63.1753,8,citywide,MERRA-2_GEE
2020-05-04,64.3371,8,citywide,MERRA-2_GEE
2020-05-05,58.7463,8,citywide,MERRA-2_GEE
2020-05-06,50.9392,8,citywide,MERRA-2_GEE
2020-05-07,63.4927,8,citywide,MERRA-2_GEE
2020-05-08,61.633,8,citywide,MERRA-2_GEE
2020-05-09,56.7121,8,citywide,MERRA-2_GEE
2020-05-10,55.9553,8,citywide,MERRA-2_GEE
2020-05-11,52.2587,8,citywide,MERRA-2_GEE
2020-05-12,39.5532,8,citywide,MERRA-2_GEE
2020-05-13,38.7106,8,citywide,MERRA-2_GEE
2020-05-14,59.9264,8,citywide,MERRA-2_GEE
2020-05-15,109.4334,8,citywide,MERRA-2_GEE
2020-05-16,71.4428,8,citywide,MERRA-2_GEE
2020-05-17,58.5853,8,citywide,MERRA-2_GEE
2020-05-18,53.3526,8,citywide,MERRA-2_GEE
2020-05-19,63.5597,8,citywide,MERRA-2_GEE
2020-05-20,48.6666,8,citywide,MERRA-2_GEE
2020-05-21,52.4281,8,citywide,MERRA-2_GEE
2020-05-22,92.1706,8,citywide,MERRA-2_GEE
2020-05-23,68.8132,8,citywide,MERRA-2_GEE
2020-05-24,53.1946,8,citywide,MERRA-2_GEE
2020-05-25,67.476,8,citywide,MERRA-2_GEE
2020-05-26,97.9186,8,citywide,MERRA-2_GEE
2020-05-27,114.1436,8,citywide,MERRA-2_GEE
2020-05-28,130.3524,8,citywide,MERRA-2_GEE
2020-05-29,89.1918,8,citywide,MERRA-2_GEE
2020-05-30,83.6314,8,citywide,MERRA-2_GEE
2020-05-31,63.0003,8,citywide,MERRA-2_GEE
2020-06-01,61.2008,8,citywide,MERRA-2_GEE
2020-06-02,60.2672,8,citywide,MERRA-2_GEE
2020-06-03,89.8399,8,citywide,MERRA-2_GEE
2020-06-04,82.1336,8,citywide,MERRA-2_GEE
2020-06-05,84.2069,8,citywide,MERRA-2_GEE
2020-06-06,66.107,8,citywide,MERRA-2_GEE
2020-06-07,59.7112,8,citywide,MERRA-2_GEE
2020-06-08,64.822,8,citywide,MERRA-2_GEE
2020-06-09,73.1101,8,citywide,MERRA-2_GEE
2020-06-10,66.7169,8,citywide,MERRA-2_GEE
2020-06-11,75.6749,8,citywide,MERRA-2_GEE
2020-06-12,69.3199,8,citywide,MERRA-2_GEE
2020-06-13,57.3998,8,citywide,MERRA-2_GEE
2020-06-14,56.7032,8,citywide,MERRA-2_GEE
2020-06-15,60.44,8,citywide,MERRA-2_GEE
2020-06-16,83.3103,8,citywide,MERRA-2_GEE
2020-06-17,96.7489,8,citywide,MERRA-2_GEE
2020-06-18,57.8706,8,citywide,MERRA-2_GEE
2020-06-19,29.917,8,citywide,MERRA-2_GEE
2020-06-20,21.7813,8,citywide,MERRA-2_GEE
2020-06-21,44.7676,8,citywide,MERRA-2_GEE
2020-06-22,38.081,8,citywide,MERRA-2_GEE
2020-06-23,29.3773,8,citywide,MERRA-2_GEE
2020-06-24,19.5066,8,citywide,MERRA-2_GEE
2020-06-25,38.4742,8,citywide,MERRA-2_GEE
2020-06-26,40.2004,8,citywide,MERRA-2_GEE
2020-06-27,48.9504,8,citywide,MERRA-2_GEE
2020-06-28,57.4805,8,citywide,MERRA-2_GEE
2020-06-29,57.1852,8,citywide,MERRA-2_GEE
2020-06-30,35.4324,8,citywide,MERRA-2_GEE
2020-07-01,41.1741,8,citywide,MERRA-2_GEE
2020-07-02,31.2984,8,citywide,MERRA-2_GEE
2020-07-03,36.4792,8,citywide,MERRA-2_GEE
2020-07-04,67.1264,8,citywide,MERRA-2_GEE
2020-07-05,136.0619,8,citywide,MERRA-2_GEE
2020-07-06,99.3195,8,citywide,MERRA-2_GEE
2020-07-07,88.1816,8,citywide,MERRA-2_GEE
2020-07-08,68.1127,8,citywide,MERRA-2_GEE
2020-07-09,59.7648,8,citywide,MERRA-2_GEE
2020-07-10,80.7337,8,citywide,MERRA-2_GEE
2020-07-11,83.7023,8,citywide,MERRA-2_GEE
2020-07-12,95.4258,8,citywide,MERRA-2_GEE
2020-07-13,57.5914,8,citywide,MERRA-2_GEE
2020-07-14,44.6165,8,citywide,MERRA-2_GEE
2020-07-15,37.7487,8,citywide,MERRA-2_GEE
2020-07-16,53.6908,8,citywide,MERRA-2_GEE
2020-07-17,58.7261,8,citywide,MERRA-2_GEE
2020-07-18,43.9975,8,citywide,MERRA-2_GEE
2020-07-19,24.848,8,citywide,MERRA-2_GEE
2020-07-20,36.242,8,citywide,MERRA-2_GEE
2020-07-21,57.2009,8,citywide,MERRA-2_GEE
2020-07-22,41.8244,8,citywide,MERRA-2_GEE
2020-07-23,56.3269,8,citywide,MERRA-2_GEE
2020-07-24,51.179,8,citywide,MERRA-2_GEE
2020-07-25,50.0076,8,citywide,MERRA-2_GEE
2020-07-26,36.7036,8,citywide,MERRA-2_GEE
2020-07-27,32.6327,8,citywide,MERRA-2_GEE
2020-07-28,52.8393,8,citywide,MERRA-2_GEE
2020-07-29,81.3405,8,citywide,MERRA-2_GEE
2020-07-30,61.0013,8,citywide,MERRA-2_GEE
2020-07-31,48.4112,8,citywide,MERRA-2_GEE
2020-08-01,30.4582,8,citywide,MERRA-2_GEE
2020-08-02,28.1548,8,citywide,MERRA-2_GEE
2020-08-03,41.3527,8,citywide,MERRA-2_GEE
2020-08-04,67.6312,8,citywide,MERRA-2_GEE
2020-08-05,132.8032,8,citywide,MERRA-2_GEE
2020-08-06,132.544,8,citywide,MERRA-2_GEE
2020-08-07,50.2823,8,citywide,MERRA-2_GEE
2020-08-08,26.0433,8,citywide,MERRA-2_GEE
2020-08-09,53.4121,8,citywide,MERRA-2_GEE
2020-08-10,62.5684,8,citywide,MERRA-2_GEE
2020-08-11,56.5984,8,citywide,MERRA-2_GEE
2020-08-12,106.7902,8,citywide,MERRA-2_GEE
2020-08-13,92.696,8,citywide,MERRA-2_GEE
2020-08-14,77.7853,8,citywide,MERRA-2_GEE
2020-08-15,92.6916,8,citywide,MERRA-2_GEE
2020-08-16,89.4168,8,citywide,MERRA-2_GEE
2020-08-17,74.8503,8,citywide,MERRA-2_GEE
2020-08-18,72.7361,8,citywide,MERRA-2_GEE
2020-08-19,83.6842,8,citywide,MERRA-2_GEE
2020-08-20,55.9404,8,citywide,MERRA-2_GEE
2020-08-21,28.376,8,citywide,MERRA-2_GEE
2020-08-22,32.9248,8,citywide,MERRA-2_GEE
2020-08-23,38.7088,8,citywide,MERRA-2_GEE
2020-08-24,54.8909,8,citywide,MERRA-2_GEE
2020-08-25,63.915,8,citywide,MERRA-2_GEE
2020-08-26,57.6029,8,citywide,MERRA-2_GEE
2020-08-27,65.927,8,citywide,MERRA-2_GEE
2020-08-28,61.0146,8,citywide,MERRA-2_GEE
2020-08-29,74.3241,8,citywide,MERRA-2_GEE
2020-08-30,79.7349,8,citywide,MERRA-2_GEE
2020-08-31,76.6306,8,citywide,MERRA-2_GEE
2020-09-01,67.1149,8,citywide,MERRA-2_GEE
2020-09-02,56.4925,8,citywide,MERRA-2_GEE
2020-09-03,56.2542,8,citywide,MERRA-2_GEE
2020-09-04,56.3999,8,citywide,MERRA-2_GEE
2020-09-05,48.4503,8,citywide,MERRA-2_GEE
2020-09-06,45.7215,8,citywide,MERRA-2_GEE
2020-09-07,57.5731,8,citywide,MERRA-2_GEE
2020-09-08,51.872,8,citywide,MERRA-2_GEE
2020-09-09,32.6267,8,citywide,MERRA-2_GEE
2020-09-10,27.0824,8,citywide,MERRA-2_GEE
2020-09-11,27.1134,8,citywide,MERRA-2_GEE
2020-09-12,24.4364,8,citywide,MERRA-2_GEE
2020-09-13,42.7279,8,citywide,MERRA-2_GEE
2020-09-14,62.2737,8,citywide,MERRA-2_GEE
2020-09-15,61.2784,8,citywide,MERRA-2_GEE
2020-09-16,37.6325,8,citywide,MERRA-2_GEE
2020-09-17,47.7513,8,citywide,MERRA-2_GEE
2020-09-18,67.5891,8,citywide,MERRA-2_GEE
2020-09-19,54.5544,8,citywide,MERRA-2_GEE
2020-09-20,56.7239,8,citywide,MERRA-2_GEE
2020-09-21,63.5076,8,citywide,MERRA-2_GEE
2020-09-22,53.2095,8,citywide,MERRA-2_GEE
2020-09-23,48.6549,8,citywide,MERRA-2_GEE
2020-09-24,58.0476,8,citywide,MERRA-2_GEE
2020-09-25,76.4607,8,citywide,MERRA-2_GEE
2020-09-26,76.5661,8,citywide,MERRA-2_GEE
2020-09-27,55.1188,8,citywide,MERRA-2_GEE
2020-09-28,33.6122,8,citywide,MERRA-2_GEE
2020-09-29,39.0047,8,citywide,MERRA-2_GEE
2020-09-30,67.9841,8,citywide,MERRA-2_GEE
2020-10-01,98.4886,8,citywide,MERRA-2_GEE
2020-10-02,81.9231,8,citywide,MERRA-2_GEE
2020-10-03,62.4499,8,citywide,MERRA-2_GEE
2020-10-04,46.4396,8,citywide,MERRA-2_GEE
2020-10-05,44.21,8,citywide,MERRA-2_GEE
2020-10-06,34.9672,8,citywide,MERRA-2_GEE
2020-10-07,35.6803,8,citywide,MERRA-2_GEE
2020-10-08,37.1645,8,citywide,MERRA-2_GEE
2020-10-09,40.0625,8,citywide,MERRA-2_GEE
2020-10-10,42.5186,8,citywide,MERRA-2_GEE
2020-10-11,52.6497,8,citywide,MERRA-2_GEE
2020-10-12,60.9147,8,citywide,MERRA-2_GEE
2020-10-13,64.5442,8,citywide,MERRA-2_GEE
2020-10-14,55.9893,8,citywide,MERRA-2_GEE
2020-10-15,58.6769,8,citywide,MERRA-2_GEE
2020-10-16,94.8878,8,citywide,MERRA-2_GEE
2020-10-17,92.513,8,citywide,MERRA-2_GEE
2020-10-18,76.8948,8,citywide,MERRA-2_GEE
2020-10-19,59.282,8,citywide,MERRA-2_GEE
2020-10-20,35.7643,8,citywide,MERRA-2_GEE
2020-10-21,47.9307,8,citywide,MERRA-2_GEE
2020-10-22,37.2644,8,citywide,MERRA-2_GEE
2020-10-23,47.9934,8,citywide,MERRA-2_GEE
2020-10-24,60.1348,8,citywide,MERRA-2_GEE
2020-10-25,78.5395,8,citywide,MERRA-2_GEE
2020-10-26,57.6259,8,citywide,MERRA-2_GEE
2020-10-27,40.2865,8,citywide,MERRA-2_GEE
2020-10-28,43.4335,8,citywide,MERRA-2_GEE
2020-10-29,41.0801,8,citywide,MERRA-2_GEE
2020-10-30,41.9643,8,citywide,MERRA-2_GEE
2020-10-31,52.1431,8,citywide,MERRA-2_GEE
2020-11-01,61.364,8,citywide,MERRA-2_GEE
2020-11-02,37.2609,8,citywide,MERRA-2_GEE
2020-11-03,35.7675,8,citywide,MERRA-2_GEE
2020-11-04,34.6071,8,citywide,MERRA-2_GEE
2020-11-05,45.7909,8,citywide,MERRA-2_GEE
2020-11-06,57.0466,8,citywide,MERRA-2_GEE
2020-11-07,52.2306,8,citywide,MERRA-2_GEE
2020-11-08,43.9914,8,citywide,MERRA-2_GEE
2020-11-09,35.0558,8,citywide,MERRA-2_GEE
2020-11-10,37.2767,8,citywide,MERRA-2_GEE
2020-11-11,86.9423,8,citywide,MERRA-2_GEE
2020-11-12,265.519,8,citywide,MERRA-2_GEE
2020-11-13,191.3641,8,citywide,MERRA-2_GEE
2020-11-14,107.2742,8,citywide,MERRA-2_GEE
2020-11-15,67.8281,8,citywide,MERRA-2_GEE
2020-11-16,103.8862,8,citywide,MERRA-2_GEE
2020-11-17,171.0161,8,citywide,MERRA-2_GEE
2020-11-18,71.113,8,citywide,MERRA-2_GEE
2020-11-19,42.3806,8,citywide,MERRA-2_GEE
2020-11-20,60.9595,8,citywide,MERRA-2_GEE
2020-11-21,51.134,8,citywide,MERRA-2_GEE
2020-11-22,42.9884,8,citywide,MERRA-2_GEE
2020-11-23,26.3349,8,citywide,MERRA-2_GEE
2020-11-24,84.8872,8,citywide,MERRA-2_GEE
2020-11-25,92.4367,8,citywide,MERRA-2_GEE
2020-11-26,95.9573,8,citywide,MERRA-2_GEE
2020-11-27,101.0531,8,citywide,MERRA-2_GEE
2020-11-28,62.2815,8,citywide,MERRA-2_GEE
2020-11-29,59.2385,8,citywide,MERRA-2_GEE
2020-11-30,36.3471,8,citywide,MERRA-2_GEE
2020-12-01,27.8942,8,citywide,MERRA-2_GEE
2020-12-02,22.2451,8,citywide,MERRA-2_GEE
2020-12-03,26.6589,8,citywide,MERRA-2_GEE
2020-12-04,24.5531,8,citywide,MERRA-2_GEE
2020-12-05,38.2484,8,citywide,MERRA-2_GEE
2020-12-06,85.0445,8,citywide,MERRA-2_GEE
2020-12-07,118.1455,8,citywide,MERRA-2_GEE
2020-12-08,102.5586,8,citywide,MERRA-2_GEE
2020-12-09,111.9188,8,citywide,MERRA-2_GEE
2020-12-10,99.2946,8,citywide,MERRA-2_GEE
2020-12-11,87.7697,8,citywide,MERRA-2_GEE
2020-12-12,48.1853,8,citywide,MERRA-2_GEE
2020-12-13,32.6038,8,citywide,MERRA-2_GEE
2020-12-14,35.5378,8,citywide,MERRA-2_GEE
2020-12-15,57.5991,8,citywide,MERRA-2_GEE
2020-12-16,69.5203,8,citywide,MERRA-2_GEE
2020-12-17,68.8493,8,citywide,MERRA-2_GEE
2020-12-18,63.3673,8,citywide,MERRA-2_GEE
2020-12-19,54.8482,8,citywide,MERRA-2_GEE
2020-12-20,55.5842,8,citywide,MERRA-2_GEE
2020-12-21,46.2821,8,citywide,MERRA-2_GEE
2020-12-22,40.8621,8,citywide,MERRA-2_GEE
2020-12-23,57.8523,8,citywide,MERRA-2_GEE
2020-12-24,72.2026,8,citywide,MERRA-2_GEE
2020-12-25,56.2444,8,citywide,MERRA-2_GEE
2020-12-26,41.3394,8,citywide,MERRA-2_GEE
2020-12-27,59.7476,8,citywide,MERRA-2_GEE
2020-12-28,43.4508,8,citywide,MERRA-2_GEE
2020-12-29,67.4535,8,citywide,MERRA-2_GEE
2020-12-30,73.4468,8,citywide,MERRA-2_GEE
2020-12-31,78.4435,8,citywide,MERRA-2_GEE
2021-01-01,56.1917,8,citywide,MERRA-2_GEE
2021-01-02,42.7897,8,citywide,MERRA-2_GEE
2021-01-03,36.7096,8,citywide,MERRA-2_GEE
2021-01-04,64.8155,8,citywide,MERRA-2_GEE
2021-01-05,53.6667,8,citywide,MERRA-2_GEE
2021-01-06,37.6214,8,citywide,MERRA-2_GEE
2021-01-07,58.479,8,citywide,MERRA-2_GEE
2021-01-08,42.4676,8,citywide,MERRA-2_GEE
2021-01-09,53.1019,8,citywide,MERRA-2_GEE
2021-01-10,43.2401,8,citywide,MERRA-2_GEE
2021-01-11,33.9028,8,citywide,MERRA-2_GEE
2021-01-12,24.9476,8,citywide,MERRA-2_GEE
2021-01-13,21.7825,8,citywide,MERRA-2_GEE
2021-01-14,30.7729,8,citywide,MERRA-2_GEE
2021-01-15,71.7123,8,citywide,MERRA-2_GEE
2021-01-16,90.796,8,citywide,MERRA-2_GEE
2021-01-17,44.2527,8,citywide,MERRA-2_GEE
2021-01-18,95.5199,8,citywide,MERRA-2_GEE
2021-01-19,118.6147,8,citywide,MERRA-2_GEE
2021-01-20,49.3781,8,citywide,MERRA-2_GEE
2021-01-21,37.5453,8,citywide,MERRA-2_GEE
2021-01-22,79.4027,8,citywide,MERRA-2_GEE
2021-01-23,169.657,8,citywide,MERRA-2_GEE
2021-01-24,68.3489,8,citywide,MERRA-2_GEE
2021-01-25,56.9248,8,citywide,MERRA-2_GEE
2021-01-26,48.579,8,citywide,MERRA-2_GEE
2021-01-27,47.6017,8,citywide,MERRA-2_GEE
2021-01-28,35.4355,8,citywide,MERRA-2_GEE
2021-01-29,29.449,8,citywide,MERRA-2_GEE
2021-01-30,20.716,8,citywide,MERRA-2_GEE
2021-01-31,28.6613,8,citywide,MERRA-2_GEE
2021-02-01,40.4333,8,citywide,MERRA-2_GEE
2021-02-02,37.4562,8,citywide,MERRA-2_GEE
2021-02-03,39.1499,8,citywide,MERRA-2_GEE
2021-02-04,65.4848,8,citywide,MERRA-2_GEE
2021-02-05,77.9755,8,citywide,MERRA-2_GEE
2021-02-06,49.3824,8,citywide,MERRA-2_GEE
2021-02-07,42.9342,8,citywide,MERRA-2_GEE
2021-02-08,35.2525,8,citywide,MERRA-2_GEE
2021-02-09,41.8663,8,citywide,MERRA-2_GEE
2021-02-10,61.7595,8,citywide,MERRA-2_GEE
2021-02-11,56.3829,8,citywide,MERRA-2_GEE
2021-02-12,43.6559,8,citywide,MERRA-2_GEE
2021-02-13,45.5264,8,citywide,MERRA-2_GEE
2021-02-14,43.3581,8,citywide,MERRA-2_GEE
2021-02-15,50.3304,8,citywide,MERRA-2_GEE
2021-02-16,41.7245,8,citywide,MERRA-2_GEE
2021-02-17,34.6657,8,citywide,MERRA-2_GEE
2021-02-18,32.5752,8,citywide,MERRA-2_GEE
2021-02-19,42.026,8,citywide,MERRA-2_GEE
2021-02-20,44.3922,8,citywide,MERRA-2_GEE
2021-02-21,40.4913,8,citywide,MERRA-2_GEE
2021-02-22,37.1594,8,citywide,MERRA-2_GEE
2021-02-23,43.0858,8,citywide,MERRA-2_GEE
2021-02-24,49.2598,8,citywide,MERRA-2_GEE
2021-02-25,63.2832,8,citywide,MERRA-2_GEE
2021-02-26,89.1791,8,citywide,MERRA-2_GEE
2021-02-27,96.2786,8,citywide,MERRA-2_GEE
2021-02-28,72.7162,8,citywide,MERRA-2_GEE
2021-03-01,35.8561,8,citywide,MERRA-2_GEE
2021-03-02,34.7722,8,citywide,MERRA-2_GEE
2021-03-03,45.7456,8,citywide,MERRA-2_GEE
2021-03-04,66.9461,8,citywide,MERRA-2_GEE
2021-03-05,50.5903,8,citywide,MERRA-2_GEE
2021-03-06,46.386,8,citywide,MERRA-2_GEE
2021-03-07,87.5936,8,citywide,MERRA-2_GEE
2021-03-08,64.917,8,citywide,MERRA-2_GEE
2021-03-09,44.4674,8,citywide,MERRA-2_GEE
2021-03-10,22.4461,8,citywide,MERRA-2_GEE
2021-03-11,53.2205,8,citywide,MERRA-2_GEE
2021-03-12,60.6395,8,citywide,MERRA-2_GEE
2021-03-13,73.8029,8,citywide,MERRA-2_GEE
2021-03-14,83.1334,8,citywide,MERRA-2_GEE
2021-03-15,83.0283,8,citywide,MERRA-2_GEE
2021-03-16,67.6516,8,citywide,MERRA-2_GEE
2021-03-17,78.5446,8,citywide,MERRA-2_GEE
2021-03-18,69.4653,8,citywide,MERRA-2_GEE
2021-03-19,79.0195,8,citywide,MERRA-2_GEE
2021-03-20,77.849,8,citywide,MERRA-2_GEE
2021-03-21,75.4518,8,citywide,MERRA-2_GEE
2021-03-22,88.5143,8,citywide,MERRA-2_GEE
2021-03-23,83.0928,8,citywide,MERRA-2_GEE
2021-03-24,87.7513,8,citywide,MERRA-2_GEE
2021-03-25,71.7328,8,citywide,MERRA-2_GEE
2021-03-26,43.5221,8,citywide,MERRA-2_GEE
2021-03-27,49.1116,8,citywide,MERRA-2_GEE
2021-03-28,69.1925,8,citywide,MERRA-2_GEE
2021-03-29,97.6745,8,citywide,MERRA-2_GEE
2021-03-30,142.0372,8,citywide,MERRA-2_GEE
2021-03-31,109.4894,8,citywide,MERRA-2_GEE
2021-04-01,74.1389,8,citywide,MERRA-2_GEE
2021-04-02,101.8529,8,citywide,MERRA-2_GEE
2021-04-03,66.5357,8,citywide,MERRA-2_GEE
2021-04-04,51.5066,8,citywide,MERRA-2_GEE
2021-04-05,64.8556,8,citywide,MERRA-2_GEE
2021-04-06,87.0631,8,citywide,MERRA-2_GEE
2021-04-07,90.352,8,citywide,MERRA-2_GEE
2021-04-08,59.695,8,citywide,MERRA-2_GEE
2021-04-09,52.0129,8,citywide,MERRA-2_GEE
2021-04-10,41.646,8,citywide,MERRA-2_GEE
2021-04-11,53.0141,8,citywide,MERRA-2_GEE
2021-04-12,51.6322,8,citywide,MERRA-2_GEE
2021-04-13,36.3104,8,citywide,MERRA-2_GEE
2021-04-14,34.4805,8,citywide,MERRA-2_GEE
2021-04-15,47.153,8,citywide,MERRA-2_GEE
2021-04-16,90.6163,8,citywide,MERRA-2_GEE
2021-04-17,90.1932,8,citywide,MERRA-2_GEE
2021-04-18,83.9828,8,citywide,MERRA-2_GEE
2021-04-19,73.0835,8,citywide,MERRA-2_GEE
2021-04-20,66.0853,8,citywide,MERRA-2_GEE
2021-04-21,85.7968,8,citywide,MERRA-2_GEE
2021-04-22,76.059,8,citywide,MERRA-2_GEE
2021-04-23,88.6171,8,citywide,MERRA-2_GEE
2021-04-24,150.7037,8,citywide,MERRA-2_GEE
2021-04-25,85.709,8,citywide,MERRA-2_GEE
2021-04-26,62.5208,8,citywide,MERRA-2_GEE
2021-04-27,66.5067,8,citywide,MERRA-2_GEE
2021-04-28,52.3745,8,citywide,MERRA-2_GEE
2021-04-29,53.35,8,citywide,MERRA-2_GEE
2021-04-30,72.3196,8,citywide,MERRA-2_GEE
2021-05-01,92.5992,8,citywide,MERRA-2_GEE
2021-05-02,51.8857,8,citywide,MERRA-2_GEE
2021-05-03,56.5562,8,citywide,MERRA-2_GEE
2021-05-04,63.617,8,citywide,MERRA-2_GEE
2021-05-05,80.7833,8,citywide,MERRA-2_GEE
2021-05-06,63.142,8,citywide,MERRA-2_GEE
2021-05-07,53.0235,8,citywide,MERRA-2_GEE
2021-05-08,55.9531,8,citywide,MERRA-2_GEE
2021-05-09,48.0291,8,citywide,MERRA-2_GEE
2021-05-10,61.6375,8,citywide,MERRA-2_GEE
2021-05-11,75.0941,8,citywide,MERRA-2_GEE
2021-05-12,97.6313,8,citywide,MERRA-2_GEE
2021-05-13,108.3083,8,citywide,MERRA-2_GEE
2021-05-14,94.6108,8,citywide,MERRA-2_GEE
2021-05-15,58.4914,8,citywide,MERRA-2_GEE
2021-05-16,94.7586,8,citywide,MERRA-2_GEE
2021-05-17,103.5483,8,citywide,MERRA-2_GEE
2021-05-18,110.3089,8,citywide,MERRA-2_GEE
2021-05-19,60.9658,8,citywide,MERRA-2_GEE
2021-05-20,79.2831,8,citywide,MERRA-2_GEE
2021-05-21,100.9825,8,citywide,MERRA-2_GEE
2021-05-22,120.4426,8,citywide,MERRA-2_GEE
2021-05-23,73.9074,8,citywide,MERRA-2_GEE
2021-05-24,64.67,8,citywide,MERRA-2_GEE
2021-05-25,77.6148,8,citywide,MERRA-2_GEE
2021-05-26,122.0999,8,citywide,MERRA-2_GEE
2021-05-27,142.2448,8,citywide,MERRA-2_GEE
2021-05-28,113.3275,8,citywide,MERRA-2_GEE
2021-05-29,100.831,8,citywide,MERRA-2_GEE
2021-05-30,92.7792,8,citywide,MERRA-2_GEE
2021-05-31,99.6037,8,citywide,MERRA-2_GEE
2021-06-01,86.1818,8,citywide,MERRA-2_GEE
2021-06-02,77.0747,8,citywide,MERRA-2_GEE
2021-06-03,55.5439,8,citywide,MERRA-2_GEE
2021-06-04,47.7856,8,citywide,MERRA-2_GEE
2021-06-05,41.2714,8,citywide,MERRA-2_GEE
2021-06-06,26.9117,8,citywide,MERRA-2_GEE
2021-06-07,30.7416,8,citywide,MERRA-2_GEE
2021-06-08,39.0309,8,citywide,MERRA-2_GEE
2021-06-09,49.5199,8,citywide,MERRA-2_GEE
2021-06-10,54.4526,8,citywide,MERRA-2_GEE
2021-06-11,54.8942,8,citywide,MERRA-2_GEE
2021-06-12,79.1211,8,citywide,MERRA-2_GEE
2021-06-13,72.5904,8,citywide,MERRA-2_GEE
2021-06-14,79.4993,8,citywide,MERRA-2_GEE
2021-06-15,78.7731,8,citywide,MERRA-2_GEE
2021-06-16,121.5356,8,citywide,MERRA-2_GEE
2021-06-17,99.8954,8,citywide,MERRA-2_GEE
2021-06-18,103.5728,8,citywide,MERRA-2_GEE
2021-06-19,109.7993,8,citywide,MERRA-2_GEE
2021-06-20,148.6144,8,citywide,MERRA-2_GEE
2021-06-21,126.6003,8,citywide,MERRA-2_GEE
2021-06-22,88.4381,8,citywide,MERRA-2_GEE
2021-06-23,70.7174,8,citywide,MERRA-2_GEE
2021-06-24,68.6683,8,citywide,MERRA-2_GEE
2021-06-25,75.6358,8,citywide,MERRA-2_GEE
2021-06-26,76.2736,8,citywide,MERRA-2_GEE
2021-06-27,54.2975,8,citywide,MERRA-2_GEE
2021-06-28,56.737,8,citywide,MERRA-2_GEE
2021-06-29,44.4051,8,citywide,MERRA-2_GEE
2021-06-30,89.2828,8,citywide,MERRA-2_GEE
2021-07-01,130.234,8,citywide,MERRA-2_GEE
2021-07-02,137.9172,8,citywide,MERRA-2_GEE
2021-07-03,116.7402,8,citywide,MERRA-2_GEE
2021-07-04,53.3447,8,citywide,MERRA-2_GEE
2021-07-05,52.6077,8,citywide,MERRA-2_GEE
2021-07-06,45.8989,8,citywide,MERRA-2_GEE
2021-07-07,51.6775,8,citywide,MERRA-2_GEE
2021-07-08,80.8607,8,citywide,MERRA-2_GEE
2021-07-09,92.641,8,citywide,MERRA-2_GEE
2021-07-10,76.7965,8,citywide,MERRA-2_GEE
2021-07-11,49.4615,8,citywide,MERRA-2_GEE
2021-07-12,69.0765,8,citywide,MERRA-2_GEE
2021-07-13,63.2974,8,citywide,MERRA-2_GEE
2021-07-14,68.731,8,citywide,MERRA-2_GEE
2021-07-15,74.2932,8,citywide,MERRA-2_GEE
2021-07-16,54.4031,8,citywide,MERRA-2_GEE
2021-07-17,48.0572,8,citywide,MERRA-2_GEE
2021-07-18,69.5424,8,citywide,MERRA-2_GEE
2021-07-19,164.3336,8,citywide,MERRA-2_GEE
2021-07-20,166.9001,8,citywide,MERRA-2_GEE
2021-07-21,201.2222,8,citywide,MERRA-2_GEE
2021-07-22,173.8913,8,citywide,MERRA-2_GEE
2021-07-23,142.188,8,citywide,MERRA-2_GEE
2021-07-24,101.8923,8,citywide,MERRA-2_GEE
2021-07-25,103.9378,8,citywide,MERRA-2_GEE
2021-07-26,140.1885,8,citywide,MERRA-2_GEE
2021-07-27,188.4677,8,citywide,MERRA-2_GEE
2021-07-28,164.8598,8,citywide,MERRA-2_GEE
2021-07-29,175.8906,8,citywide,MERRA-2_GEE
2021-07-30,161.5542,8,citywide,MERRA-2_GEE
2021-07-31,166.9446,8,citywide,MERRA-2_GEE
2021-08-01,140.1203,8,citywide,MERRA-2_GEE
2021-08-02,108.2994,8,citywide,MERRA-2_GEE
2021-08-03,98.4097,8,citywide,MERRA-2_GEE
2021-08-04,117.4293,8,citywide,MERRA-2_GEE
2021-08-05,136.8474,8,citywide,MERRA-2_GEE
2021-08-06,109.06,8,citywide,MERRA-2_GEE
2021-08-07,84.2499,8,citywide,MERRA-2_GEE
2021-08-08,59.1415,8,citywide,MERRA-2_GEE
2021-08-09,47.9817,8,citywide,MERRA-2_GEE
2021-08-10,46.2535,8,citywide,MERRA-2_GEE
2021-08-11,49.5987,8,citywide,MERRA-2_GEE
2021-08-12,49.7337,8,citywide,MERRA-2_GEE
2021-08-13,53.944,8,citywide,MERRA-2_GEE
2021-08-14,42.3691,8,citywide,MERRA-2_GEE
2021-08-15,70.7766,8,citywide,MERRA-2_GEE
2021-08-16,45.5179,8,citywide,MERRA-2_GEE
2021-08-17,48.2413,8,citywide,MERRA-2_GEE
2021-08-18,45.9742,8,citywide,MERRA-2_GEE
2021-08-19,48.5738,8,citywide,MERRA-2_GEE
2021-08-20,47.1083,8,citywide,MERRA-2_GEE
2021-08-21,41.3276,8,citywide,MERRA-2_GEE
2021-08-22,30.4917,8,citywide,MERRA-2_GEE
2021-08-23,35.3312,8,citywide,MERRA-2_GEE
2021-08-24,46.9484,8,citywide,MERRA-2_GEE
2021-08-25,71.8477,8,citywide,MERRA-2_GEE
2021-08-26,87.9446,8,citywide,MERRA-2_GEE
2021-08-27,81.4798,8,citywide,MERRA-2_GEE
2021-08-28,43.8419,8,citywide,MERRA-2_GEE
2021-08-29,34.8007,8,citywide,MERRA-2_GEE
2021-08-30,34.3054,8,citywide,MERRA-2_GEE
2021-08-31,51.0999,8,citywide,MERRA-2_GEE
2021-09-01,55.8391,8,citywide,MERRA-2_GEE
2021-09-02,66.257,8,citywide,MERRA-2_GEE
2021-09-03,74.5425,8,citywide,MERRA-2_GEE
2021-09-04,55.0154,8,citywide,MERRA-2_GEE
2021-09-05,39.6039,8,citywide,MERRA-2_GEE
2021-09-06,31.3593,8,citywide,MERRA-2_GEE
2021-09-07,57.5169,8,citywide,MERRA-2_GEE
2021-09-08,54.9339,8,citywide,MERRA-2_GEE
2021-09-09,61.855,8,citywide,MERRA-2_GEE
2021-09-10,65.9733,8,citywide,MERRA-2_GEE
2021-09-11,74.8651,8,citywide,MERRA-2_GEE
2021-09-12,78.1855,8,citywide,MERRA-2_GEE
2021-09-13,73.7235,8,citywide,MERRA-2_GEE
2021-09-14,66.2939,8,citywide,MERRA-2_GEE
2021-09-15,46.0622,8,citywide,MERRA-2_GEE
2021-09-16,36.1533,8,citywide,MERRA-2_GEE
2021-09-17,34.0819,8,citywide,MERRA-2_GEE
2021-09-18,34.6256,8,citywide,MERRA-2_GEE
2021-09-19,32.1875,8,citywide,MERRA-2_GEE
2021-09-20,36.3796,8,citywide,MERRA-2_GEE
2021-09-21,51.3457,8,citywide,MERRA-2_GEE
2021-09-22,51.5017,8,citywide,MERRA-2_GEE
2021-09-23,42.1118,8,citywide,MERRA-2_GEE
2021-09-24,42.6451,8,citywide,MERRA-2_GEE
2021-09-25,68.1017,8,citywide,MERRA-2_GEE
2021-09-26,43.1756,8,citywide,MERRA-2_GEE
2021-09-27,51.15,8,citywide,MERRA-2_GEE
2021-09-28,38.7898,8,citywide,MERRA-2_GEE
2021-09-29,55.8819,8,citywide,MERRA-2_GEE
2021-09-30,48.4733,8,citywide,MERRA-2_GEE
2021-10-01,29.5565,8,citywide,MERRA-2_GEE
2021-10-02,22.0436,8,citywide,MERRA-2_GEE
2021-10-03,34.2025,8,citywide,MERRA-2_GEE
2021-10-04,119.7411,8,citywide,MERRA-2_GEE
2021-10-05,119.5185,8,citywide,MERRA-2_GEE
2021-10-06,49.0233,8,citywide,MERRA-2_GEE
2021-10-07,52.0044,8,citywide,MERRA-2_GEE
2021-10-08,55.7114,8,citywide,MERRA-2_GEE
2021-10-09,64.699,8,citywide,MERRA-2_GEE
2021-10-10,60.6711,8,citywide,MERRA-2_GEE
2021-10-11,95.4426,8,citywide,MERRA-2_GEE
2021-10-12,93.4109,8,citywide,MERRA-2_GEE
2021-10-13,72.2073,8,citywide,MERRA-2_GEE
2021-10-14,55.6479,8,citywide,MERRA-2_GEE
2021-10-15,41.7539,8,citywide,MERRA-2_GEE
2021-10-16,36.4556,8,citywide,MERRA-2_GEE
2021-10-17,39.3072,8,citywide,MERRA-2_GEE
2021-10-18,55.6983,8,citywide,MERRA-2_GEE
2021-10-19,54.3247,8,citywide,MERRA-2_GEE
2021-10-20,31.9863,8,citywide,MERRA-2_GEE
2021-10-21,22.7723,8,citywide,MERRA-2_GEE
2021-10-22,64.3972,8,citywide,MERRA-2_GEE
2021-10-23,179.3574,8,citywide,MERRA-2_GEE
2021-10-24,167.3863,8,citywide,MERRA-2_GEE
2021-10-25,169.317,8,citywide,MERRA-2_GEE
2021-10-26,125.6362,8,citywide,MERRA-2_GEE
2021-10-27,123.0697,8,citywide,MERRA-2_GEE
2021-10-28,87.1222,8,citywide,MERRA-2_GEE
2021-10-29,63.2839,8,citywide,MERRA-2_GEE
2021-10-30,52.0234,8,citywide,MERRA-2_GEE
2021-10-31,51.5408,8,citywide,MERRA-2_GEE
2021-11-01,66.9346,8,citywide,MERRA-2_GEE
2021-11-02,64.2368,8,citywide,MERRA-2_GEE
2021-11-03,143.1505,8,citywide,MERRA-2_GEE
2021-11-04,137.2664,8,citywide,MERRA-2_GEE
2021-11-05,86.2952,8,citywide,MERRA-2_GEE
2021-11-06,55.3787,8,citywide,MERRA-2_GEE
2021-11-07,59.8642,8,citywide,MERRA-2_GEE
2021-11-08,68.2721,8,citywide,MERRA-2_GEE
2021-11-09,62.5292,8,citywide,MERRA-2_GEE
2021-11-10,53.3369,8,citywide,MERRA-2_GEE
2021-11-11,44.5702,8,citywide,MERRA-2_GEE
2021-11-12,59.164,8,citywide,MERRA-2_GEE
2021-11-13,41.7647,8,citywide,MERRA-2_GEE
2021-11-14,31.8259,8,citywide,MERRA-2_GEE
2021-11-15,95.6722,8,citywide,MERRA-2_GEE
2021-11-16,116.3661,8,citywide,MERRA-2_GEE
2021-11-17,128.566,8,citywide,MERRA-2_GEE
2021-11-18,137.008,8,citywide,MERRA-2_GEE
2021-11-19,128.4389,8,citywide,MERRA-2_GEE
2021-11-20,129.3762,8,citywide,MERRA-2_GEE
2021-11-21,156.7081,8,citywide,MERRA-2_GEE
2021-11-22,106.5678,8,citywide,MERRA-2_GEE
2021-11-23,34.4504,8,citywide,MERRA-2_GEE
2021-11-24,42.6705,8,citywide,MERRA-2_GEE
2021-11-25,41.1968,8,citywide,MERRA-2_GEE
2021-11-26,68.4064,8,citywide,MERRA-2_GEE
2021-11-27,38.7676,8,citywide,MERRA-2_GEE
2021-11-28,107.787,8,citywide,MERRA-2_GEE
2021-11-29,126.6059,8,citywide,MERRA-2_GEE
2021-11-30,83.6719,8,citywide,MERRA-2_GEE
2021-12-01,82.2564,8,citywide,MERRA-2_GEE
2021-12-02,83.7288,8,citywide,MERRA-2_GEE
2021-12-03,78.5295,8,citywide,MERRA-2_GEE
2021-12-04,95.5757,8,citywide,MERRA-2_GEE
2021-12-05,46.8027,8,citywide,MERRA-2_GEE
2021-12-06,81.478,8,citywide,MERRA-2_GEE
2021-12-07,101.4686,8,citywide,MERRA-2_GEE
2021-12-08,107.1644,8,citywide,MERRA-2_GEE
2021-12-09,74.6129,8,citywide,MERRA-2_GEE
2021-12-10,58.9902,8,citywide,MERRA-2_GEE
2021-12-11,53.9321,8,citywide,MERRA-2_GEE
2021-12-12,33.7041,8,citywide,MERRA-2_GEE
2021-12-13,38.3924,8,citywide,MERRA-2_GEE
2021-12-14,55.5218,8,citywide,MERRA-2_GEE
2021-12-15,42.5822,8,citywide,MERRA-2_GEE
2021-12-16,50.1034,8,citywide,MERRA-2_GEE
2021-12-17,77.8268,8,citywide,MERRA-2_GEE
2021-12-18,74.1597,8,citywide,MERRA-2_GEE
2021-12-19,56.1869,8,citywide,MERRA-2_GEE
2021-12-20,32.8961,8,citywide,MERRA-2_GEE
2021-12-21,31.6083,8,citywide,MERRA-2_GEE
2021-12-22,26.6793,8,citywide,MERRA-2_GEE
2021-12-23,36.6366,8,citywide,MERRA-2_GEE
2021-12-24,90.8278,8,citywide,MERRA-2_GEE
2021-12-25,97.2332,8,citywide,MERRA-2_GEE
2021-12-26,39.2934,8,citywide,MERRA-2_GEE
2021-12-27,116.5425,8,citywide,MERRA-2_GEE
2021-12-28,95.5062,8,citywide,MERRA-2_GEE
2021-12-29,81.5509,8,citywide,MERRA-2_GEE
2021-12-30,100.5083,8,citywide,MERRA-2_GEE
2021-12-31,70.6164,8,citywide,MERRA-2_GEE
2022-01-01,80.1595,8,citywide,MERRA-2_GEE
2022-01-02,67.3773,8,citywide,MERRA-2_GEE
2022-01-03,81.1137,8,citywide,MERRA-2_GEE
2022-01-04,64.4955,8,citywide,MERRA-2_GEE
2022-01-05,27.3389,8,citywide,MERRA-2_GEE
2022-01-06,29.1705,8,citywide,MERRA-2_GEE
2022-01-07,34.1186,8,citywide,MERRA-2_GEE
2022-01-08,23.4513,8,citywide,MERRA-2_GEE
2022-01-09,22.6159,8,citywide,MERRA-2_GEE
2022-01-10,21.4877,8,citywide,MERRA-2_GEE
2022-01-11,24.7925,8,citywide,MERRA-2_GEE
2022-01-12,23.7224,8,citywide,MERRA-2_GEE
2022-01-13,24.2578,8,citywide,MERRA-2_GEE
2022-01-14,33.1521,8,citywide,MERRA-2_GEE
2022-01-15,49.1336,8,citywide,MERRA-2_GEE
2022-01-16,47.4451,8,citywide,MERRA-2_GEE
2022-01-17,45.6432,8,citywide,MERRA-2_GEE
2022-01-18,48.3752,8,citywide,MERRA-2_GEE
2022-01-19,52.1793,8,citywide,MERRA-2_GEE
2022-01-20,52.5344,8,citywide,MERRA-2_GEE
2022-01-21,98.0444,8,citywide,MERRA-2_GEE
2022-01-22,83.4546,8,citywide,MERRA-2_GEE
2022-01-23,64.8359,8,citywide,MERRA-2_GEE
2022-01-24,72.3742,8,citywide,MERRA-2_GEE
2022-01-25,74.0683,8,citywide,MERRA-2_GEE
2022-01-26,46.8728,8,citywide,MERRA-2_GEE
2022-01-27,53.5499,8,citywide,MERRA-2_GEE
2022-01-28,28.6995,8,citywide,MERRA-2_GEE
2022-01-29,21.6848,8,citywide,MERRA-2_GEE
2022-01-30,53.0671,8,citywide,MERRA-2_GEE
2022-01-31,57.612,8,citywide,MERRA-2_GEE
2022-02-01,60.163,8,citywide,MERRA-2_GEE
2022-02-02,84.3838,8,citywide,MERRA-2_GEE
2022-02-03,87.1249,8,citywide,MERRA-2_GEE
2022-02-04,34.87,8,citywide,MERRA-2_GEE
2022-02-05,29.2985,8,citywide,MERRA-2_GEE
2022-02-06,41.0449,8,citywide,MERRA-2_GEE
2022-02-07,41.8548,8,citywide,MERRA-2_GEE
2022-02-08,27.7562,8,citywide,MERRA-2_GEE
2022-02-09,47.754,8,citywide,MERRA-2_GEE
2022-02-10,57.4112,8,citywide,MERRA-2_GEE
2022-02-11,32.4158,8,citywide,MERRA-2_GEE
2022-02-12,27.8053,8,citywide,MERRA-2_GEE
2022-02-13,22.38,8,citywide,MERRA-2_GEE
2022-02-14,31.5564,8,citywide,MERRA-2_GEE
2022-02-15,51.8321,8,citywide,MERRA-2_GEE
2022-02-16,36.087,8,citywide,MERRA-2_GEE
2022-02-17,36.299,8,citywide,MERRA-2_GEE
2022-02-18,41.697,8,citywide,MERRA-2_GEE
2022-02-19,44.3147,8,citywide,MERRA-2_GEE
2022-02-20,40.8935,8,citywide,MERRA-2_GEE
2022-02-21,46.3561,8,citywide,MERRA-2_GEE
2022-02-22,110.2121,8,citywide,MERRA-2_GEE
2022-02-23,83.4142,8,citywide,MERRA-2_GEE
2022-02-24,56.9223,8,citywide,MERRA-2_GEE
2022-02-25,69.348,8,citywide,MERRA-2_GEE
2022-02-26,65.6521,8,citywide,MERRA-2_GEE
2022-02-27,82.4986,8,citywide,MERRA-2_GEE
2022-02-28,64.0759,8,citywide,MERRA-2_GEE
2022-03-01,53.9869,8,citywide,MERRA-2_GEE
2022-03-02,49.582,8,citywide,MERRA-2_GEE
2022-03-03,44.2555,8,citywide,MERRA-2_GEE
2022-03-04,41.7983,8,citywide,MERRA-2_GEE
2022-03-05,31.7665,8,citywide,MERRA-2_GEE
2022-03-06,36.4742,8,citywide,MERRA-2_GEE
2022-03-07,55.1116,8,citywide,MERRA-2_GEE
2022-03-08,59.3238,8,citywide,MERRA-2_GEE
2022-03-09,56.1466,8,citywide,MERRA-2_GEE
2022-03-10,52.8424,8,citywide,MERRA-2_GEE
2022-03-11,44.089,8,citywide,MERRA-2_GEE
2022-03-12,42.9977,8,citywide,MERRA-2_GEE
2022-03-13,37.8893,8,citywide,MERRA-2_GEE
2022-03-14,45.336,8,citywide,MERRA-2_GEE
2022-03-15,52.1469,8,citywide,MERRA-2_GEE
2022-03-16,52.9369,8,citywide,MERRA-2_GEE
2022-03-17,52.0523,8,citywide,MERRA-2_GEE
2022-03-18,80.2078,8,citywide,MERRA-2_GEE
2022-03-19,200.741,8,citywide,MERRA-2_GEE
2022-03-20,121.0992,8,citywide,MERRA-2_GEE
2022-03-21,94.4859,8,citywide,MERRA-2_GEE
2022-03-22,101.6023,8,citywide,MERRA-2_GEE
2022-03-23,70.6728,8,citywide,MERRA-2_GEE
2022-03-24,101.7029,8,citywide,MERRA-2_GEE
2022-03-25,75.9191,8,citywide,MERRA-2_GEE
2022-03-26,62.7405,8,citywide,MERRA-2_GEE
2022-03-27,57.955,8,citywide,MERRA-2_GEE
2022-03-28,85.4754,8,citywide,MERRA-2_GEE
2022-03-29,131.0631,8,citywide,MERRA-2_GEE
2022-03-30,206.3136,8,citywide,MERRA-2_GEE
2022-03-31,119.4904,8,citywide,MERRA-2_GEE
2022-04-01,61.951,8,citywide,MERRA-2_GEE
2022-04-02,51.3617,8,citywide,MERRA-2_GEE
2022-04-03,34.8806,8,citywide,MERRA-2_GEE
2022-04-04,43.8894,8,citywide,MERRA-2_GEE
2022-04-05,53.0383,8,citywide,MERRA-2_GEE
2022-04-06,60.4474,8,citywide,MERRA-2_GEE
2022-04-07,62.3581,8,citywide,MERRA-2_GEE
2022-04-08,76.1824,8,citywide,MERRA-2_GEE
2022-04-09,75.7835,8,citywide,MERRA-2_GEE
2022-04-10,78.0045,8,citywide,MERRA-2_GEE
2022-04-11,99.5902,8,citywide,MERRA-2_GEE
2022-04-12,74.4974,8,citywide,MERRA-2_GEE
2022-04-13,70.5834,8,citywide,MERRA-2_GEE
2022-04-14,75.7275,8,citywide,MERRA-2_GEE
2022-04-15,81.9406,8,citywide,MERRA-2_GEE
2022-04-16,81.0711,8,citywide,MERRA-2_GEE
2022-04-17,84.6696,8,citywide,MERRA-2_GEE
2022-04-18,81.799,8,citywide,MERRA-2_GEE
2022-04-19,82.2431,8,citywide,MERRA-2_GEE
2022-04-20,85.5963,8,citywide,MERRA-2_GEE
2022-04-21,74.0115,8,citywide,MERRA-2_GEE
2022-04-22,58.1819,8,citywide,MERRA-2_GEE
2022-04-23,49.0117,8,citywide,MERRA-2_GEE
2022-04-24,42.56,8,citywide,MERRA-2_GEE
2022-04-25,47.0222,8,citywide,MERRA-2_GEE
2022-04-26,75.1318,8,citywide,MERRA-2_GEE
2022-04-27,70.7771,8,citywide,MERRA-2_GEE
2022-04-28,96.2414,8,citywide,MERRA-2_GEE
2022-04-29,123.4071,8,citywide,MERRA-2_GEE
2022-04-30,142.7433,8,citywide,MERRA-2_GEE
2022-05-01,150.2705,8,citywide,MERRA-2_GEE
2022-05-02,110.2589,8,citywide,MERRA-2_GEE
2022-05-03,114.9087,8,citywide,MERRA-2_GEE
2022-05-04,121.6259,8,citywide,MERRA-2_GEE
2022-05-05,137.9852,8,citywide,MERRA-2_GEE
2022-05-06,90.7524,8,citywide,MERRA-2_GEE
2022-05-07,82.3397,8,citywide,MERRA-2_GEE
2022-05-08,71.0872,8,citywide,MERRA-2_GEE
2022-05-09,77.2501,8,citywide,MERRA-2_GEE
2022-05-10,99.7073,8,citywide,MERRA-2_GEE
2022-05-11,89.4125,8,citywide,MERRA-2_GEE
2022-05-12,123.5824,8,citywide,MERRA-2_GEE
2022-05-13,119.1073,8,citywide,MERRA-2_GEE
2022-05-14,98.3238,8,citywide,MERRA-2_GEE
2022-05-15,137.0883,8,citywide,MERRA-2_GEE
2022-05-16,153.9848,8,citywide,MERRA-2_GEE
2022-05-17,151.4816,8,citywide,MERRA-2_GEE
2022-05-18,147.4928,8,citywide,MERRA-2_GEE
2022-05-19,124.0194,8,citywide,MERRA-2_GEE
2022-05-20,109.0293,8,citywide,MERRA-2_GEE
2022-05-21,117.4302,8,citywide,MERRA-2_GEE
2022-05-22,129.7377,8,citywide,MERRA-2_GEE
2022-05-23,239.5919,8,citywide,MERRA-2_GEE
2022-05-24,138.947,8,citywide,MERRA-2_GEE
2022-05-25,74.4298,8,citywide,MERRA-2_GEE
2022-05-26,83.3245,8,citywide,MERRA-2_GEE
2022-05-27,126.2283,8,citywide,MERRA-2_GEE
2022-05-28,158.4594,8,citywide,MERRA-2_GEE
2022-05-29,138.2354,8,citywide,MERRA-2_GEE
2022-05-30,120.9906,8,citywide,MERRA-2_GEE
2022-05-31,80.1179,8,citywide,MERRA-2_GEE
2022-06-01,90.957,8,citywide,MERRA-2_GEE
2022-06-02,100.7884,8,citywide,MERRA-2_GEE
2022-06-03,100.781,8,citywide,MERRA-2_GEE
2022-06-04,99.4038,8,citywide,MERRA-2_GEE
2022-06-05,105.3726,8,citywide,MERRA-2_GEE
2022-06-06,87.2943,8,citywide,MERRA-2_GEE
2022-06-07,60.3871,8,citywide,MERRA-2_GEE
2022-06-08,56.7205,8,citywide,MERRA-2_GEE
2022-06-09,65.428,8,citywide,MERRA-2_GEE
2022-06-10,89.1593,8,citywide,MERRA-2_GEE
2022-06-11,62.9407,8,citywide,MERRA-2_GEE
2022-06-12,60.2143,8,citywide,MERRA-2_GEE
2022-06-13,54.9238,8,citywide,MERRA-2_GEE
2022-06-14,48.2435,8,citywide,MERRA-2_GEE
2022-06-15,63.8063,8,citywide,MERRA-2_GEE
2022-06-16,61.6725,8,citywide,MERRA-2_GEE
2022-06-17,72.159,8,citywide,MERRA-2_GEE
2022-06-18,110.1667,8,citywide,MERRA-2_GEE
2022-06-19,131.1353,8,citywide,MERRA-2_GEE
2022-06-20,174.3444,8,citywide,MERRA-2_GEE
2022-06-21,151.6544,8,citywide,MERRA-2_GEE
2022-06-22,181.8761,8,citywide,MERRA-2_GEE
2022-06-23,141.3412,8,citywide,MERRA-2_GEE
2022-06-24,89.3612,8,citywide,MERRA-2_GEE
2022-06-25,92.6311,8,citywide,MERRA-2_GEE
2022-06-26,93.913,8,citywide,MERRA-2_GEE
2022-06-27,95.7243,8,citywide,MERRA-2_GEE
2022-06-28,83.9968,8,citywide,MERRA-2_GEE
2022-06-29,72.2323,8,citywide,MERRA-2_GEE
2022-06-30,55.6081,8,citywide,MERRA-2_GEE
2022-07-01,74.0064,8,citywide,MERRA-2_GEE
2022-07-02,100.6399,8,citywide,MERRA-2_GEE
2022-07-03,116.7456,8,citywide,MERRA-2_GEE
2022-07-04,86.573,8,citywide,MERRA-2_GEE
2022-07-05,48.2219,8,citywide,MERRA-2_GEE
2022-07-06,42.2826,8,citywide,MERRA-2_GEE
2022-07-07,91.5121,8,citywide,MERRA-2_GEE
2022-07-08,104.5341,8,citywide,MERRA-2_GEE
2022-07-09,111.6933,8,citywide,MERRA-2_GEE
2022-07-10,127.3208,8,citywide,MERRA-2_GEE
2022-07-11,119.5301,8,citywide,MERRA-2_GEE
2022-07-12,78.2721,8,citywide,MERRA-2_GEE
2022-07-13,59.7638,8,citywide,MERRA-2_GEE
2022-07-14,54.3122,8,citywide,MERRA-2_GEE
2022-07-15,54.8932,8,citywide,MERRA-2_GEE
2022-07-16,48.7404,8,citywide,MERRA-2_GEE
2022-07-17,68.4585,8,citywide,MERRA-2_GEE
2022-07-18,56.7216,8,citywide,MERRA-2_GEE
2022-07-19,54.0245,8,citywide,MERRA-2_GEE
2022-07-20,57.7322,8,citywide,MERRA-2_GEE
2022-07-21,81.3322,8,citywide,MERRA-2_GEE
2022-07-22,89.0499,8,citywide,MERRA-2_GEE
2022-07-23,73.9306,8,citywide,MERRA-2_GEE
2022-07-24,150.9502,8,citywide,MERRA-2_GEE
2022-07-25,151.3903,8,citywide,MERRA-2_GEE
2022-07-26,61.5035,8,citywide,MERRA-2_GEE
2022-07-27,26.1978,8,citywide,MERRA-2_GEE
2022-07-28,27.4313,8,citywide,MERRA-2_GEE
2022-07-29,36.6458,8,citywide,MERRA-2_GEE
2022-07-30,42.3253,8,citywide,MERRA-2_GEE
2022-07-31,82.5793,8,citywide,MERRA-2_GEE
2022-08-01,116.4211,8,citywide,MERRA-2_GEE
2022-08-02,77.5373,8,citywide,MERRA-2_GEE
2022-08-03,72.2456,8,citywide,MERRA-2_GEE
2022-08-04,57.2164,8,citywide,MERRA-2_GEE
2022-08-05,54.4518,8,citywide,MERRA-2_GEE
2022-08-06,48.4988,8,citywide,MERRA-2_GEE
2022-08-07,58.9103,8,citywide,MERRA-2_GEE
2022-08-08,87.3702,8,citywide,MERRA-2_GEE
2022-08-09,81.2354,8,citywide,MERRA-2_GEE
2022-08-10,81.2396,8,citywide,MERRA-2_GEE
2022-08-11,70.314,8,citywide,MERRA-2_GEE
2022-08-12,80.5643,8,citywide,MERRA-2_GEE
2022-08-13,91.2532,8,citywide,MERRA-2_GEE
2022-08-14,53.6735,8,citywide,MERRA-2_GEE
2022-08-15,84.7461,8,citywide,MERRA-2_GEE
2022-08-16,71.9549,8,citywide,MERRA-2_GEE
2022-08-17,69.6266,8,citywide,MERRA-2_GEE
2022-08-18,80.9175,8,citywide,MERRA-2_GEE
2022-08-19,87.7001,8,citywide,MERRA-2_GEE
2022-08-20,70.0823,8,citywide,MERRA-2_GEE
2022-08-21,68.3364,8,citywide,MERRA-2_GEE
2022-08-22,58.8198,8,citywide,MERRA-2_GEE
2022-08-23,100.1442,8,citywide,MERRA-2_GEE
2022-08-24,116.5793,8,citywide,MERRA-2_GEE
2022-08-25,70.3103,8,citywide,MERRA-2_GEE
2022-08-26,51.3061,8,citywide,MERRA-2_GEE
2022-08-27,34.9216,8,citywide,MERRA-2_GEE
2022-08-28,41.3899,8,citywide,MERRA-2_GEE
2022-08-29,42.3775,8,citywide,MERRA-2_GEE
2022-08-30,30.096,8,citywide,MERRA-2_GEE
2022-08-31,29.5719,8,citywide,MERRA-2_GEE
2022-09-01,28.0681,8,citywide,MERRA-2_GEE
2022-09-02,22.9482,8,citywide,MERRA-2_GEE
2022-09-03,24.808,8,citywide,MERRA-2_GEE
2022-09-04,38.5352,8,citywide,MERRA-2_GEE
2022-09-05,36.9872,8,citywide,MERRA-2_GEE
2022-09-06,33.6861,8,citywide,MERRA-2_GEE
2022-09-07,34.8821,8,citywide,MERRA-2_GEE
2022-09-08,35.9761,8,citywide,MERRA-2_GEE
2022-09-09,35.1753,8,citywide,MERRA-2_GEE
2022-09-10,34.2546,8,citywide,MERRA-2_GEE
2022-09-11,53.5254,8,citywide,MERRA-2_GEE
2022-09-12,65.5495,8,citywide,MERRA-2_GEE
2022-09-13,34.1183,8,citywide,MERRA-2_GEE
2022-09-14,51.0863,8,citywide,MERRA-2_GEE
2022-09-15,69.0229,8,citywide,MERRA-2_GEE
2022-09-16,53.5095,8,citywide,MERRA-2_GEE
2022-09-17,53.2229,8,citywide,MERRA-2_GEE
2022-09-18,48.2949,8,citywide,MERRA-2_GEE
2022-09-19,37.1728,8,citywide,MERRA-2_GEE
2022-09-20,35.2129,8,citywide,MERRA-2_GEE
2022-09-21,32.5906,8,citywide,MERRA-2_GEE
2022-09-22,31.7751,8,citywide,MERRA-2_GEE
2022-09-23,38.8179,8,citywide,MERRA-2_GEE
2022-09-24,40.4596,8,citywide,MERRA-2_GEE
2022-09-25,40.233,8,citywide,MERRA-2_GEE
2022-09-26,28.2037,8,citywide,MERRA-2_GEE
2022-09-27,32.7827,8,citywide,MERRA-2_GEE
2022-09-28,30.5039,8,citywide,MERRA-2_GEE
2022-09-29,29.149,8,citywide,MERRA-2_GEE
2022-09-30,22.4233,8,citywide,MERRA-2_GEE
2022-10-01,22.1184,8,citywide,MERRA-2_GEE
2022-10-02,18.9046,8,citywide,MERRA-2_GEE
2022-10-03,20.009,8,citywide,MERRA-2_GEE
2022-10-04,26.5506,8,citywide,MERRA-2_GEE
2022-10-05,28.5732,8,citywide,MERRA-2_GEE
2022-10-06,31.0777,8,citywide,MERRA-2_GEE
2022-10-07,34.5629,8,citywide,MERRA-2_GEE
2022-10-08,41.2608,8,citywide,MERRA-2_GEE
2022-10-09,49.0764,8,citywide,MERRA-2_GEE
2022-10-10,51.1822,8,citywide,MERRA-2_GEE
2022-10-11,44.4802,8,citywide,MERRA-2_GEE
2022-10-12,34.7451,8,citywide,MERRA-2_GEE
2022-10-13,32.8197,8,citywide,MERRA-2_GEE
2022-10-14,30.5098,8,citywide,MERRA-2_GEE
2022-10-15,25.3641,8,citywide,MERRA-2_GEE
2022-10-16,27.6429,8,citywide,MERRA-2_GEE
2022-10-17,27.1851,8,citywide,MERRA-2_GEE
2022-10-18,35.0102,8,citywide,MERRA-2_GEE
2022-10-19,46.0392,8,citywide,MERRA-2_GEE
2022-10-20,42.7219,8,citywide,MERRA-2_GEE
2022-10-21,42.5492,8,citywide,MERRA-2_GEE
2022-10-22,45.7089,8,citywide,MERRA-2_GEE
2022-10-23,45.8506,8,citywide,MERRA-2_GEE
2022-10-24,54.6934,8,citywide,MERRA-2_GEE
2022-10-25,60.538,8,citywide,MERRA-2_GEE
2022-10-26,64.2009,8,citywide,MERRA-2_GEE
2022-10-27,52.3423,8,citywide,MERRA-2_GEE
2022-10-28,39.6499,8,citywide,MERRA-2_GEE
2022-10-29,42.6386,8,citywide,MERRA-2_GEE
2022-10-30,44.6902,8,citywide,MERRA-2_GEE
2022-10-31,43.1996,8,citywide,MERRA-2_GEE
2022-11-01,42.3527,8,citywide,MERRA-2_GEE
2022-11-02,40.4355,8,citywide,MERRA-2_GEE
2022-11-03,37.5608,8,citywide,MERRA-2_GEE
2022-11-04,46.0667,8,citywide,MERRA-2_GEE
2022-11-05,54.7585,8,citywide,MERRA-2_GEE
2022-11-06,46.5328,8,citywide,MERRA-2_GEE
2022-11-07,46.2349,8,citywide,MERRA-2_GEE
2022-11-08,49.1184,8,citywide,MERRA-2_GEE
2022-11-09,52.8259,8,citywide,MERRA-2_GEE
2022-11-10,37.4969,8,citywide,MERRA-2_GEE
2022-11-11,51.9367,8,citywide,MERRA-2_GEE
2022-11-12,45.5042,8,citywide,MERRA-2_GEE
2022-11-13,33.8562,8,citywide,MERRA-2_GEE
2022-11-14,48.8348,8,citywide,MERRA-2_GEE
2022-11-15,93.8791,8,citywide,MERRA-2_GEE
2022-11-16,85.7081,8,citywide,MERRA-2_GEE
2022-11-17,41.7683,8,citywide,MERRA-2_GEE
2022-11-18,37.4108,8,citywide,MERRA-2_GEE
2022-11-19,35.933,8,citywide,MERRA-2_GEE
2022-11-20,64.5171,8,citywide,MERRA-2_GEE
2022-11-21,62.7363,8,citywide,MERRA-2_GEE
2022-11-22,43.6361,8,citywide,MERRA-2_GEE
2022-11-23,56.592,8,citywide,MERRA-2_GEE
2022-11-24,24.8344,8,citywide,MERRA-2_GEE
2022-11-25,18.9482,8,citywide,MERRA-2_GEE
2022-11-26,23.8659,8,citywide,MERRA-2_GEE
2022-11-27,22.9381,8,citywide,MERRA-2_GEE
2022-11-28,35.3391,8,citywide,MERRA-2_GEE
2022-11-29,70.9818,8,citywide,MERRA-2_GEE
2022-11-30,63.2969,8,citywide,MERRA-2_GEE
2022-12-01,60.6377,8,citywide,MERRA-2_GEE
2022-12-02,30.1302,8,citywide,MERRA-2_GEE
2022-12-03,69.263,8,citywide,MERRA-2_GEE
2022-12-04,61.8186,8,citywide,MERRA-2_GEE
2022-12-05,25.0976,8,citywide,MERRA-2_GEE
2022-12-06,61.9847,8,citywide,MERRA-2_GEE
2022-12-07,47.722,8,citywide,MERRA-2_GEE
2022-12-08,30.5984,8,citywide,MERRA-2_GEE
2022-12-09,43.8038,8,citywide,MERRA-2_GEE
2022-12-10,101.7982,8,citywide,MERRA-2_GEE
2022-12-11,94.9947,8,citywide,MERRA-2_GEE
2022-12-12,55.6443,8,citywide,MERRA-2_GEE
2022-12-13,74.1139,8,citywide,MERRA-2_GEE
2022-12-14,51.4825,8,citywide,MERRA-2_GEE
2022-12-15,34.7678,8,citywide,MERRA-2_GEE
2022-12-16,22.6466,8,citywide,MERRA-2_GEE
2022-12-17,20.5461,8,citywide,MERRA-2_GEE
2022-12-18,20.5671,8,citywide,MERRA-2_GEE
2022-12-19,29.9671,8,citywide,MERRA-2_GEE
2022-12-20,36.9273,8,citywide,MERRA-2_GEE
2022-12-21,53.7622,8,citywide,MERRA-2_GEE
2022-12-22,52.6408,8,citywide,MERRA-2_GEE
2022-12-23,29.0164,8,citywide,MERRA-2_GEE
2022-12-24,51.0159,8,citywide,MERRA-2_GEE
2022-12-25,56.8733,8,citywide,MERRA-2_GEE
2022-12-26,81.0399,8,citywide,MERRA-2_GEE
2022-12-27,81.99,8,citywide,MERRA-2_GEE
2022-12-28,61.105,8,citywide,MERRA-2_GEE
2022-12-29,32.7491,8,citywide,MERRA-2_GEE
2022-12-30,41.0367,8,citywide,MERRA-2_GEE
2022-12-31,36.7033,8,citywide,MERRA-2_GEE
2023-01-01,22.4735,8,citywide,MERRA-2_GEE
2023-01-02,63.7515,8,citywide,MERRA-2_GEE
2023-01-03,67.793,8,citywide,MERRA-2_GEE
2023-01-04,61.177,8,citywide,MERRA-2_GEE
2023-01-05,61.4882,8,citywide,MERRA-2_GEE
2023-01-06,55.1023,8,citywide,MERRA-2_GEE
2023-01-07,53.4377,8,citywide,MERRA-2_GEE
2023-01-08,52.5028,8,citywide,MERRA-2_GEE
2023-01-09,28.7041,8,citywide,MERRA-2_GEE
2023-01-10,38.6685,8,citywide,MERRA-2_GEE
2023-01-11,42.1243,8,citywide,MERRA-2_GEE
2023-01-12,102.7527,8,citywide,MERRA-2_GEE
2023-01-13,116.6448,8,citywide,MERRA-2_GEE
2023-01-14,68.991,8,citywide,MERRA-2_GEE
2023-01-15,76.5567,8,citywide,MERRA-2_GEE
2023-01-16,129.5313,8,citywide,MERRA-2_GEE
2023-01-17,86.3244,8,citywide,MERRA-2_GEE
2023-01-18,63.7489,8,citywide,MERRA-2_GEE
2023-01-19,84.37,8,citywide,MERRA-2_GEE
2023-01-20,53.8175,8,citywide,MERRA-2_GEE
2023-01-21,35.5023,8,citywide,MERRA-2_GEE
2023-01-22,35.3048,8,citywide,MERRA-2_GEE
2023-01-23,28.7228,8,citywide,MERRA-2_GEE
2023-01-24,33.0636,8,citywide,MERRA-2_GEE
2023-01-25,35.4456,8,citywide,MERRA-2_GEE
2023-01-26,43.3763,8,citywide,MERRA-2_GEE
2023-01-27,53.0584,8,citywide,MERRA-2_GEE
2023-01-28,40.8026,8,citywide,MERRA-2_GEE
2023-01-29,23.5886,8,citywide,MERRA-2_GEE
2023-01-30,42.1484,8,citywide,MERRA-2_GEE
2023-01-31,65.4779,8,citywide,MERRA-2_GEE
2023-02-01,51.7808,8,citywide,MERRA-2_GEE
2023-02-02,43.3225,8,citywide,MERRA-2_GEE
2023-02-03,39.6306,8,citywide,MERRA-2_GEE
2023-02-04,41.566,8,citywide,MERRA-2_GEE
2023-02-05,51.3624,8,citywide,MERRA-2_GEE
2023-02-06,75.8685,8,citywide,MERRA-2_GEE
2023-02-07,50.0671,8,citywide,MERRA-2_GEE
2023-02-08,45.6048,8,citywide,MERRA-2_GEE
2023-02-09,47.9953,8,citywide,MERRA-2_GEE
2023-02-10,56.9501,8,citywide,MERRA-2_GEE
2023-02-11,85.5823,8,citywide,MERRA-2_GEE
2023-02-12,57.9493,8,citywide,MERRA-2_GEE
2023-02-13,57.8416,8,citywide,MERRA-2_GEE
2023-02-14,51.5159,8,citywide,MERRA-2_GEE
2023-02-15,44.9175,8,citywide,MERRA-2_GEE
2023-02-16,33.2476,8,citywide,MERRA-2_GEE
2023-02-17,34.1255,8,citywide,MERRA-2_GEE
2023-02-18,30.9036,8,citywide,MERRA-2_GEE
2023-02-19,53.2027,8,citywide,MERRA-2_GEE
2023-02-20,89.563,8,citywide,MERRA-2_GEE
2023-02-21,71.3708,8,citywide,MERRA-2_GEE
2023-02-22,75.5445,8,citywide,MERRA-2_GEE
2023-02-23,54.5205,8,citywide,MERRA-2_GEE
2023-02-24,57.5407,8,citywide,MERRA-2_GEE
2023-02-25,50.3747,8,citywide,MERRA-2_GEE
2023-02-26,39.4549,8,citywide,MERRA-2_GEE
2023-02-27,36.5072,8,citywide,MERRA-2_GEE
2023-02-28,30.7661,8,citywide,MERRA-2_GEE
2023-03-01,44.146,8,citywide,MERRA-2_GEE
2023-03-02,74.3824,8,citywide,MERRA-2_GEE
2023-03-03,47.8306,8,citywide,MERRA-2_GEE
2023-03-04,46.394,8,citywide,MERRA-2_GEE
2023-03-05,41.8141,8,citywide,MERRA-2_GEE
2023-03-06,41.0429,8,citywide,MERRA-2_GEE
2023-03-07,36.3922,8,citywide,MERRA-2_GEE
2023-03-08,33.9689,8,citywide,MERRA-2_GEE
2023-03-09,32.5214,8,citywide,MERRA-2_GEE
2023-03-10,33.2719,8,citywide,MERRA-2_GEE
2023-03-11,35.5308,8,citywide,MERRA-2_GEE
2023-03-12,38.8165,8,citywide,MERRA-2_GEE
2023-03-13,30.8108,8,citywide,MERRA-2_GEE
2023-03-14,42.5227,8,citywide,MERRA-2_GEE
2023-03-15,44.4153,8,citywide,MERRA-2_GEE
2023-03-16,45.9099,8,citywide,MERRA-2_GEE
2023-03-17,45.6342,8,citywide,MERRA-2_GEE
2023-03-18,45.5804,8,citywide,MERRA-2_GEE
2023-03-19,35.507,8,citywide,MERRA-2_GEE
2023-03-20,27.0514,8,citywide,MERRA-2_GEE
2023-03-21,25.7231,8,citywide,MERRA-2_GEE
2023-03-22,29.0739,8,citywide,MERRA-2_GEE
2023-03-23,40.7966,8,citywide,MERRA-2_GEE
2023-03-24,74.1467,8,citywide,MERRA-2_GEE
2023-03-25,58.2931,8,citywide,MERRA-2_GEE
2023-03-26,45.3993,8,citywide,MERRA-2_GEE
2023-03-27,42.8767,8,citywide,MERRA-2_GEE
2023-03-28,43.5792,8,citywide,MERRA-2_GEE
2023-03-29,52.5161,8,citywide,MERRA-2_GEE
2023-03-30,41.4821,8,citywide,MERRA-2_GEE
2023-03-31,45.9875,8,citywide,MERRA-2_GEE
2023-04-01,37.392,8,citywide,MERRA-2_GEE
2023-04-02,42.0383,8,citywide,MERRA-2_GEE
2023-04-03,62.6612,8,citywide,MERRA-2_GEE
2023-04-04,38.1085,8,citywide,MERRA-2_GEE
2023-04-05,33.0123,8,citywide,MERRA-2_GEE
2023-04-06,30.0816,8,citywide,MERRA-2_GEE
2023-04-07,39.9483,8,citywide,MERRA-2_GEE
2023-04-08,44.7095,8,citywide,MERRA-2_GEE
2023-04-09,39.042,8,citywide,MERRA-2_GEE
2023-04-10,34.7192,8,citywide,MERRA-2_GEE
2023-04-11,29.6299,8,citywide,MERRA-2_GEE
2023-04-12,46.2318,8,citywide,MERRA-2_GEE
2023-04-13,49.18,8,citywide,MERRA-2_GEE
2023-04-14,64.3621,8,citywide,MERRA-2_GEE
2023-04-15,48.7898,8,citywide,MERRA-2_GEE
2023-04-16,68.037,8,citywide,MERRA-2_GEE
2023-04-17,55.2432,8,citywide,MERRA-2_GEE
2023-04-18,74.3152,8,citywide,MERRA-2_GEE
2023-04-19,76.2245,8,citywide,MERRA-2_GEE
2023-04-20,48.7503,8,citywide,MERRA-2_GEE
2023-04-21,44.7093,8,citywide,MERRA-2_GEE
2023-04-22,44.4568,8,citywide,MERRA-2_GEE
2023-04-23,48.1271,8,citywide,MERRA-2_GEE
2023-04-24,41.8457,8,citywide,MERRA-2_GEE
2023-04-25,46.2987,8,citywide,MERRA-2_GEE
2023-04-26,28.0347,8,citywide,MERRA-2_GEE
2023-04-27,33.8303,8,citywide,MERRA-2_GEE
2023-04-28,25.4789,8,citywide,MERRA-2_GEE
2023-04-29,21.5507,8,citywide,MERRA-2_GEE
2023-04-30,29.8494,8,citywide,MERRA-2_GEE
2023-05-01,32.6593,8,citywide,MERRA-2_GEE
2023-05-02,37.0566,8,citywide,MERRA-2_GEE
2023-05-03,48.3624,8,citywide,MERRA-2_GEE
2023-05-04,43.0282,8,citywide,MERRA-2_GEE
2023-05-05,43.7541,8,citywide,MERRA-2_GEE
2023-05-06,46.8626,8,citywide,MERRA-2_GEE
2023-05-07,88.8105,8,citywide,MERRA-2_GEE
2023-05-08,57.231,8,citywide,MERRA-2_GEE
2023-05-09,37.695,8,citywide,MERRA-2_GEE
2023-05-10,46.4164,8,citywide,MERRA-2_GEE
2023-05-11,51.4982,8,citywide,MERRA-2_GEE
2023-05-12,53.9905,8,citywide,MERRA-2_GEE
2023-05-13,73.8589,8,citywide,MERRA-2_GEE
2023-05-14,84.635,8,citywide,MERRA-2_GEE
2023-05-15,63.3706,8,citywide,MERRA-2_GEE
2023-05-16,80.8963,8,citywide,MERRA-2_GEE
2023-05-17,71.4529,8,citywide,MERRA-2_GEE
2023-05-18,63.0887,8,citywide,MERRA-2_GEE
2023-05-19,59.0032,8,citywide,MERRA-2_GEE
2023-05-20,47.4566,8,citywide,MERRA-2_GEE
2023-05-21,59.4211,8,citywide,MERRA-2_GEE
2023-05-22,73.3276,8,citywide,MERRA-2_GEE
2023-05-23,86.1184,8,citywide,MERRA-2_GEE
2023-05-24,118.9235,8,citywide,MERRA-2_GEE
2023-05-25,157.1472,8,citywide,MERRA-2_GEE
2023-05-26,155.2778,8,citywide,MERRA-2_GEE
2023-05-27,122.0521,8,citywide,MERRA-2_GEE
2023-05-28,99.1063,8,citywide,MERRA-2_GEE
2023-05-29,66.8316,8,citywide,MERRA-2_GEE
2023-05-30,53.6325,8,citywide,MERRA-2_GEE
2023-05-31,44.0169,8,citywide,MERRA-2_GEE
2023-06-01,77.4921,8,citywide,MERRA-2_GEE
2023-06-02,113.014,8,citywide,MERRA-2_GEE
2023-06-03,99.6835,8,citywide,MERRA-2_GEE
2023-06-04,97.3568,8,citywide,MERRA-2_GEE
2023-06-05,88.8724,8,citywide,MERRA-2_GEE
2023-06-06,107.6315,8,citywide,MERRA-2_GEE
2023-06-07,106.2442,8,citywide,MERRA-2_GEE
2023-06-08,83.9881,8,citywide,MERRA-2_GEE
2023-06-09,65.7041,8,citywide,MERRA-2_GEE
2023-06-10,35.8447,8,citywide,MERRA-2_GEE
2023-06-11,42.3934,8,citywide,MERRA-2_GEE
2023-06-12,66.3996,8,citywide,MERRA-2_GEE
2023-06-13,114.4129,8,citywide,MERRA-2_GEE
2023-06-14,136.0071,8,citywide,MERRA-2_GEE
2023-06-15,151.8886,8,citywide,MERRA-2_GEE
2023-06-16,124.9869,8,citywide,MERRA-2_GEE
2023-06-17,168.4307,8,citywide,MERRA-2_GEE
2023-06-18,79.4433,8,citywide,MERRA-2_GEE
2023-06-19,70.0985,8,citywide,MERRA-2_GEE
2023-06-20,83.6816,8,citywide,MERRA-2_GEE
2023-06-21,91.2455,8,citywide,MERRA-2_GEE
2023-06-22,60.0949,8,citywide,MERRA-2_GEE
2023-06-23,44.5568,8,citywide,MERRA-2_GEE
2023-06-24,61.764,8,citywide,MERRA-2_GEE
2023-06-25,58.7707,8,citywide,MERRA-2_GEE
2023-06-26,87.4864,8,citywide,MERRA-2_GEE
2023-06-27,120.6537,8,citywide,MERRA-2_GEE
2023-06-28,73.6163,8,citywide,MERRA-2_GEE
2023-06-29,88.8544,8,citywide,MERRA-2_GEE
2023-06-30,136.5117,8,citywide,MERRA-2_GEE
2023-07-01,91.318,8,citywide,MERRA-2_GEE
2023-07-02,66.5707,8,citywide,MERRA-2_GEE
2023-07-03,69.9654,8,citywide,MERRA-2_GEE
2023-07-04,91.1769,8,citywide,MERRA-2_GEE
2023-07-05,152.5992,8,citywide,MERRA-2_GEE
2023-07-06,266.5589,8,citywide,MERRA-2_GEE
2023-07-07,273.4691,8,citywide,MERRA-2_GEE
2023-07-08,176.3617,8,citywide,MERRA-2_GEE
2023-07-09,170.6063,8,citywide,MERRA-2_GEE
2023-07-10,91.8258,8,citywide,MERRA-2_GEE
2023-07-11,81.1243,8,citywide,MERRA-2_GEE
2023-07-12,89.3813,8,citywide,MERRA-2_GEE
2023-07-13,84.9204,8,citywide,MERRA-2_GEE
2023-07-14,87.6857,8,citywide,MERRA-2_GEE
2023-07-15,156.054,8,citywide,MERRA-2_GEE
2023-07-16,167.7151,8,citywide,MERRA-2_GEE
2023-07-17,92.8715,8,citywide,MERRA-2_GEE
2023-07-18,78.5909,8,citywide,MERRA-2_GEE
2023-07-19,90.7974,8,citywide,MERRA-2_GEE
2023-07-20,134.3224,8,citywide,MERRA-2_GEE
2023-07-21,113.8414,8,citywide,MERRA-2_GEE
2023-07-22,93.5304,8,citywide,MERRA-2_GEE
2023-07-23,58.2634,8,citywide,MERRA-2_GEE
2023-07-24,55.6685,8,citywide,MERRA-2_GEE
2023-07-25,44.5092,8,citywide,MERRA-2_GEE
2023-07-26,45.763,8,citywide,MERRA-2_GEE
2023-07-27,61.8343,8,citywide,MERRA-2_GEE
2023-07-28,69.9883,8,citywide,MERRA-2_GEE
2023-07-29,120.3195,8,citywide,MERRA-2_GEE
2023-07-30,86.431,8,citywide,MERRA-2_GEE
2023-07-31,99.1218,8,citywide,MERRA-2_GEE
2023-08-01,103.9943,8,citywide,MERRA-2_GEE
2023-08-02,94.9902,8,citywide,MERRA-2_GEE
2023-08-03,120.1418,8,citywide,MERRA-2_GEE
2023-08-04,129.188,8,citywide,MERRA-2_GEE
2023-08-05,98.4574,8,citywide,MERRA-2_GEE
2023-08-06,97.293,8,citywide,MERRA-2_GEE
2023-08-07,127.647,8,citywide,MERRA-2_GEE
2023-08-08,104.2539,8,citywide,MERRA-2_GEE
2023-08-09,117.486,8,citywide,MERRA-2_GEE
2023-08-10,102.3383,8,citywide,MERRA-2_GEE
2023-08-11,86.7663,8,citywide,MERRA-2_GEE
2023-08-12,83.2074,8,citywide,MERRA-2_GEE
2023-08-13,103.6727,8,citywide,MERRA-2_GEE
2023-08-14,144.0116,8,citywide,MERRA-2_GEE
2023-08-15,106.6113,8,citywide,MERRA-2_GEE
2023-08-16,119.8607,8,citywide,MERRA-2_GEE
2023-08-17,97.868,8,citywide,MERRA-2_GEE
2023-08-18,80.2194,8,citywide,MERRA-2_GEE
2023-08-19,75.1939,8,citywide,MERRA-2_GEE
2023-08-20,40.5966,8,citywide,MERRA-2_GEE
2023-08-21,44.5144,8,citywide,MERRA-2_GEE
2023-08-22,53.5514,8,citywide,MERRA-2_GEE
2023-08-23,74.8077,8,citywide,MERRA-2_GEE
2023-08-24,122.235,8,citywide,MERRA-2_GEE
2023-08-25,69.8483,8,citywide,MERRA-2_GEE
2023-08-26,185.5425,8,citywide,MERRA-2_GEE
2023-08-27,66.9398,8,citywide,MERRA-2_GEE
2023-08-28,97.0038,8,citywide,MERRA-2_GEE
2023-08-29,100.6462,8,citywide,MERRA-2_GEE
2023-08-30,36.3497,8,citywide,MERRA-2_GEE
2023-08-31,25.8728,8,citywide,MERRA-2_GEE
2023-09-01,36.3072,8,citywide,MERRA-2_GEE
2023-09-02,44.6679,8,citywide,MERRA-2_GEE
2023-09-03,42.8074,8,citywide,MERRA-2_GEE
2023-09-04,52.5066,8,citywide,MERRA-2_GEE
2023-09-05,62.7238,8,citywide,MERRA-2_GEE
2023-09-06,68.1084,8,citywide,MERRA-2_GEE
2023-09-07,71.4279,8,citywide,MERRA-2_GEE
2023-09-08,64.5156,8,citywide,MERRA-2_GEE
2023-09-09,43.1438,8,citywide,MERRA-2_GEE
2023-09-10,41.1339,8,citywide,MERRA-2_GEE
2023-09-11,42.8674,8,citywide,MERRA-2_GEE
2023-09-12,46.0552,8,citywide,MERRA-2_GEE
2023-09-13,36.3415,8,citywide,MERRA-2_GEE
2023-09-14,54.3543,8,citywide,MERRA-2_GEE
2023-09-15,51.4825,8,citywide,MERRA-2_GEE
2023-09-16,49.2725,8,citywide,MERRA-2_GEE
2023-09-17,50.7498,8,citywide,MERRA-2_GEE
2023-09-18,67.0094,8,citywide,MERRA-2_GEE
2023-09-19,69.5773,8,citywide,MERRA-2_GEE
2023-09-20,75.8523,8,citywide,MERRA-2_GEE
2023-09-21,74.5196,8,citywide,MERRA-2_GEE
2023-09-22,91.9305,8,citywide,MERRA-2_GEE
2023-09-23,157.8253,8,citywide,MERRA-2_GEE
2023-09-24,211.3577,8,citywide,MERRA-2_GEE
2023-09-25,214.1284,8,citywide,MERRA-2_GEE
2023-09-26,135.8913,8,citywide,MERRA-2_GEE
2023-09-27,100.9335,8,citywide,MERRA-2_GEE
2023-09-28,82.0577,8,citywide,MERRA-2_GEE
2023-09-29,85.3877,8,citywide,MERRA-2_GEE
2023-09-30,79.6112,8,citywide,MERRA-2_GEE
2023-10-01,85.2797,8,citywide,MERRA-2_GEE
2023-10-02,60.6332,8,citywide,MERRA-2_GEE
2023-10-03,59.2975,8,citywide,MERRA-2_GEE
2023-10-04,56.8116,8,citywide,MERRA-2_GEE
2023-10-05,60.2365,8,citywide,MERRA-2_GEE
2023-10-06,54.3397,8,citywide,MERRA-2_GEE
2023-10-07,67.0815,8,citywide,MERRA-2_GEE
2023-10-08,94.899,8,citywide,MERRA-2_GEE
2023-10-09,66.0996,8,citywide,MERRA-2_GEE
2023-10-10,68.7115,8,citywide,MERRA-2_GEE
2023-10-11,53.4149,8,citywide,MERRA-2_GEE
2023-10-12,42.869,8,citywide,MERRA-2_GEE
2023-10-13,33.9752,8,citywide,MERRA-2_GEE
2023-10-14,65.093,8,citywide,MERRA-2_GEE
2023-10-15,111.7537,8,citywide,MERRA-2_GEE
2023-10-16,65.5527,8,citywide,MERRA-2_GEE
2023-10-17,61.2366,8,citywide,MERRA-2_GEE
2023-10-18,89.7213,8,citywide,MERRA-2_GEE
2023-10-19,59.4162,8,citywide,MERRA-2_GEE
2023-10-20,47.3285,8,citywide,MERRA-2_GEE
2023-10-21,44.0585,8,citywide,MERRA-2_GEE
2023-10-22,40.3779,8,citywide,MERRA-2_GEE
2023-10-23,57.4328,8,citywide,MERRA-2_GEE
2023-10-24,53.7025,8,citywide,MERRA-2_GEE
2023-10-25,50.5039,8,citywide,MERRA-2_GEE
2023-10-26,47.5344,8,citywide,MERRA-2_GEE
2023-10-27,71.4545,8,citywide,MERRA-2_GEE
2023-10-28,41.5615,8,citywide,MERRA-2_GEE
2023-10-29,38.3618,8,citywide,MERRA-2_GEE
2023-10-30,42.0884,8,citywide,MERRA-2_GEE
2023-10-31,49.5417,8,citywide,MERRA-2_GEE
2023-11-01,68.2254,8,citywide,MERRA-2_GEE
2023-11-02,59.4127,8,citywide,MERRA-2_GEE
2023-11-03,72.2599,8,citywide,MERRA-2_GEE
2023-11-04,78.7564,8,citywide,MERRA-2_GEE
2023-11-05,70.5513,8,citywide,MERRA-2_GEE
2023-11-06,67.7371,8,citywide,MERRA-2_GEE
2023-11-07,96.4865,8,citywide,MERRA-2_GEE
2023-11-08,118.5467,8,citywide,MERRA-2_GEE
2023-11-09,73.4128,8,citywide,MERRA-2_GEE
2023-11-10,28.5449,8,citywide,MERRA-2_GEE
2023-11-11,47.1461,8,citywide,MERRA-2_GEE
2023-11-12,29.255,8,citywide,MERRA-2_GEE
2023-11-13,25.558,8,citywide,MERRA-2_GEE
2023-11-14,67.816,8,citywide,MERRA-2_GEE
2023-11-15,147.636,8,citywide,MERRA-2_GEE
2023-11-16,153.7939,8,citywide,MERRA-2_GEE
2023-11-17,143.8174,8,citywide,MERRA-2_GEE
2023-11-18,134.5928,8,citywide,MERRA-2_GEE
2023-11-19,171.4308,8,citywide,MERRA-2_GEE
2023-11-20,160.0574,8,citywide,MERRA-2_GEE
2023-11-21,133.0427,8,citywide,MERRA-2_GEE
2023-11-22,105.7195,8,citywide,MERRA-2_GEE
2023-11-23,63.844,8,citywide,MERRA-2_GEE
2023-11-24,103.2271,8,citywide,MERRA-2_GEE
2023-11-25,115.5597,8,citywide,MERRA-2_GEE
2023-11-26,113.9074,8,citywide,MERRA-2_GEE
2023-11-27,115.6289,8,citywide,MERRA-2_GEE
2023-11-28,115.5486,8,citywide,MERRA-2_GEE
2023-11-29,92.4346,8,citywide,MERRA-2_GEE
2023-11-30,71.6899,8,citywide,MERRA-2_GEE
2023-12-01,91.6892,8,citywide,MERRA-2_GEE
2023-12-02,85.3875,8,citywide,MERRA-2_GEE
2023-12-03,67.6204,8,citywide,MERRA-2_GEE
2023-12-04,62.316,8,citywide,MERRA-2_GEE
2023-12-05,60.8899,8,citywide,MERRA-2_GEE
2023-12-06,58.4919,8,citywide,MERRA-2_GEE
2023-12-07,63.425,8,citywide,MERRA-2_GEE
2023-12-08,35.1063,8,citywide,MERRA-2_GEE
2023-12-09,17.5359,8,citywide,MERRA-2_GEE
2023-12-10,29.6635,8,citywide,MERRA-2_GEE
2023-12-11,19.8462,8,citywide,MERRA-2_GEE
2023-12-12,47.5183,8,citywide,MERRA-2_GEE
2023-12-13,111.736,8,citywide,MERRA-2_GEE
2023-12-14,92.4314,8,citywide,MERRA-2_GEE
2023-12-15,64.9975,8,citywide,MERRA-2_GEE
2023-12-16,42.5466,8,citywide,MERRA-2_GEE
2023-12-17,74.4758,8,citywide,MERRA-2_GEE
2023-12-18,101.3022,8,citywide,MERRA-2_GEE
2023-12-19,63.7996,8,citywide,MERRA-2_GEE
2023-12-20,56.0975,8,citywide,MERRA-2_GEE
2023-12-21,46.4945,8,citywide,MERRA-2_GEE
2023-12-22,39.013,8,citywide,MERRA-2_GEE
2023-12-23,61.4935,8,citywide,MERRA-2_GEE
2023-12-24,115.0534,8,citywide,MERRA-2_GEE
2023-12-25,139.578,8,citywide,MERRA-2_GEE
2023-12-26,73.8484,8,citywide,MERRA-2_GEE
2023-12-27,99.469,8,citywide,MERRA-2_GEE
2023-12-28,99.2445,8,citywide,MERRA-2_GEE
2023-12-29,61.1149,8,citywide,MERRA-2_GEE
2023-12-30,89.3137,8,citywide,MERRA-2_GEE
2023-12-31,91.4086,8,citywide,MERRA-2_GEE
2024-01-01,75.0934,8,citywide,MERRA-2_GEE
2024-01-02,62.239,8,citywide,MERRA-2_GEE
2024-01-03,62.3663,8,citywide,MERRA-2_GEE
2024-01-04,85.0545,8,citywide,MERRA-2_GEE
2024-01-05,84.5772,8,citywide,MERRA-2_GEE
2024-01-06,96.1195,8,citywide,MERRA-2_GEE
2024-01-07,64.2949,8,citywide,MERRA-2_GEE
2024-01-08,61.6143,8,citywide,MERRA-2_GEE
2024-01-09,64.125,8,citywide,MERRA-2_GEE
2024-01-10,52.3481,8,citywide,MERRA-2_GEE
2024-01-11,37.4067,8,citywide,MERRA-2_GEE
2024-01-12,23.9,8,citywide,MERRA-2_GEE
2024-01-13,18.5398,8,citywide,MERRA-2_GEE
2024-01-14,36.466,8,citywide,MERRA-2_GEE
2024-01-15,41.8074,8,citywide,MERRA-2_GEE
2024-01-16,40.4373,8,citywide,MERRA-2_GEE
2024-01-17,101.638,8,citywide,MERRA-2_GEE
2024-01-18,122.1146,8,citywide,MERRA-2_GEE
2024-01-19,94.063,8,citywide,MERRA-2_GEE
2024-01-20,43.7499,8,citywide,MERRA-2_GEE
2024-01-21,58.3898,8,citywide,MERRA-2_GEE
2024-01-22,41.731,8,citywide,MERRA-2_GEE
2024-01-23,53.6483,8,citywide,MERRA-2_GEE
2024-01-24,72.5537,8,citywide,MERRA-2_GEE
2024-01-25,60.7204,8,citywide,MERRA-2_GEE
2024-01-26,105.277,8,citywide,MERRA-2_GEE
2024-01-27,143.4133,8,citywide,MERRA-2_GEE
2024-01-28,63.2866,8,citywide,MERRA-2_GEE
2024-01-29,29.59,8,citywide,MERRA-2_GEE
2024-01-30,22.982,8,citywide,MERRA-2_GEE
2024-01-31,25.8993,8,citywide,MERRA-2_GEE
2024-02-01,45.572,8,citywide,MERRA-2_GEE
2024-02-02,70.5435,8,citywide,MERRA-2_GEE
2024-02-03,61.2666,8,citywide,MERRA-2_GEE
2024-02-04,78.0903,8,citywide,MERRA-2_GEE
2024-02-05,56.9977,8,citywide,MERRA-2_GEE
2024-02-06,50.2803,8,citywide,MERRA-2_GEE
2024-02-07,83.8278,8,citywide,MERRA-2_GEE
2024-02-08,56.5116,8,citywide,MERRA-2_GEE
2024-02-09,33.2185,8,citywide,MERRA-2_GEE
2024-02-10,36.277,8,citywide,MERRA-2_GEE
2024-02-11,53.8316,8,citywide,MERRA-2_GEE
2024-02-12,67.2797,8,citywide,MERRA-2_GEE
2024-02-13,43.8682,8,citywide,MERRA-2_GEE
2024-02-14,38.7691,8,citywide,MERRA-2_GEE
2024-02-15,37.5083,8,citywide,MERRA-2_GEE
2024-02-16,46.0563,8,citywide,MERRA-2_GEE
2024-02-17,19.6056,8,citywide,MERRA-2_GEE
2024-02-18,38.3286,8,citywide,MERRA-2_GEE
2024-02-19,81.2598,8,citywide,MERRA-2_GEE
2024-02-20,64.588,8,citywide,MERRA-2_GEE
2024-02-21,56.6196,8,citywide,MERRA-2_GEE
2024-02-22,31.8797,8,citywide,MERRA-2_GEE
2024-02-23,25.7377,8,citywide,MERRA-2_GEE
2024-02-24,28.157,8,citywide,MERRA-2_GEE
2024-02-25,51.7192,8,citywide,MERRA-2_GEE
2024-02-26,67.8432,8,citywide,MERRA-2_GEE
2024-02-27,71.715,8,citywide,MERRA-2_GEE
2024-02-28,53.7557,8,citywide,MERRA-2_GEE
2024-02-29,52.7815,8,citywide,MERRA-2_GEE
2024-03-01,92.1735,8,citywide,MERRA-2_GEE
2024-03-02,48.2082,8,citywide,MERRA-2_GEE
2024-03-03,31.66,8,citywide,MERRA-2_GEE
2024-03-04,42.3582,8,citywide,MERRA-2_GEE
2024-03-05,64.9514,8,citywide,MERRA-2_GEE
2024-03-06,41.7076,8,citywide,MERRA-2_GEE
2024-03-07,37.9969,8,citywide,MERRA-2_GEE
2024-03-08,40.8632,8,citywide,MERRA-2_GEE
2024-03-09,57.6403,8,citywide,MERRA-2_GEE
2024-03-10,53.8181,8,citywide,MERRA-2_GEE
2024-03-11,30.8731,8,citywide,MERRA-2_GEE
2024-03-12,33.5775,8,citywide,MERRA-2_GEE
2024-03-13,66.7109,8,citywide,MERRA-2_GEE
2024-03-14,88.1997,8,citywide,MERRA-2_GEE
2024-03-15,63.1038,8,citywide,MERRA-2_GEE
2024-03-16,54.203,8,citywide,MERRA-2_GEE
2024-03-17,51.323,8,citywide,MERRA-2_GEE
2024-03-18,47.0504,8,citywide,MERRA-2_GEE
2024-03-19,40.4627,8,citywide,MERRA-2_GEE
2024-03-20,42.7077,8,citywide,MERRA-2_GEE
2024-03-21,57.993,8,citywide,MERRA-2_GEE
2024-03-22,56.0923,8,citywide,MERRA-2_GEE
2024-03-23,55.5455,8,citywide,MERRA-2_GEE
2024-03-24,53.3236,8,citywide,MERRA-2_GEE
2024-03-25,48.9572,8,citywide,MERRA-2_GEE
2024-03-26,54.0988,8,citywide,MERRA-2_GEE
2024-03-27,69.9379,8,citywide,MERRA-2_GEE
2024-03-28,55.5889,8,citywide,MERRA-2_GEE
2024-03-29,36.7749,8,citywide,MERRA-2_GEE
2024-03-30,90.1999,8,citywide,MERRA-2_GEE
2024-03-31,83.1297,8,citywide,MERRA-2_GEE
2024-04-01,76.7001,8,citywide,MERRA-2_GEE
2024-04-02,71.3906,8,citywide,MERRA-2_GEE
2024-04-03,99.075,8,citywide,MERRA-2_GEE
2024-04-04,71.5017,8,citywide,MERRA-2_GEE
2024-04-05,73.0427,8,citywide,MERRA-2_GEE
2024-04-06,67.8887,8,citywide,MERRA-2_GEE
2024-04-07,65.8447,8,citywide,MERRA-2_GEE
2024-04-08,50.7722,8,citywide,MERRA-2_GEE
2024-04-09,38.4481,8,citywide,MERRA-2_GEE
2024-04-10,40.943,8,citywide,MERRA-2_GEE
2024-04-11,35.1055,8,citywide,MERRA-2_GEE
2024-04-12,36.7409,8,citywide,MERRA-2_GEE
2024-04-13,51.1098,8,citywide,MERRA-2_GEE
2024-04-14,37.0594,8,citywide,MERRA-2_GEE
2024-04-15,38.8569,8,citywide,MERRA-2_GEE
2024-04-16,40.4573,8,citywide,MERRA-2_GEE
2024-04-17,55.194,8,citywide,MERRA-2_GEE
2024-04-18,112.7303,8,citywide,MERRA-2_GEE
2024-04-19,42.5013,8,citywide,MERRA-2_GEE
2024-04-20,39.1699,8,citywide,MERRA-2_GEE
2024-04-21,53.0503,8,citywide,MERRA-2_GEE
2024-04-22,66.2244,8,citywide,MERRA-2_GEE
2024-04-23,58.0264,8,citywide,MERRA-2_GEE
2024-04-24,48.293,8,citywide,MERRA-2_GEE
2024-04-25,44.591,8,citywide,MERRA-2_GEE
2024-04-26,70.9966,8,citywide,MERRA-2_GEE
2024-04-27,66.4516,8,citywide,MERRA-2_GEE
2024-04-28,56.6803,8,citywide,MERRA-2_GEE
2024-04-29,59.5597,8,citywide,MERRA-2_GEE
2024-04-30,48.1799,8,citywide,MERRA-2_GEE
2024-05-01,56.0107,8,citywide,MERRA-2_GEE
2024-05-02,57.4038,8,citywide,MERRA-2_GEE
2024-05-03,69.8265,8,citywide,MERRA-2_GEE
2024-05-04,63.2516,8,citywide,MERRA-2_GEE
2024-05-05,52.122,8,citywide,MERRA-2_GEE
2024-05-06,86.3473,8,citywide,MERRA-2_GEE
2024-05-07,58.6282,8,citywide,MERRA-2_GEE
2024-05-08,46.6129,8,citywide,MERRA-2_GEE
2024-05-09,34.1938,8,citywide,MERRA-2_GEE
2024-05-10,32.0418,8,citywide,MERRA-2_GEE
2024-05-11,31.7257,8,citywide,MERRA-2_GEE
2024-05-12,47.6479,8,citywide,MERRA-2_GEE
2024-05-13,45.0365,8,citywide,MERRA-2_GEE
2024-05-14,43.9751,8,citywide,MERRA-2_GEE
2024-05-15,39.6238,8,citywide,MERRA-2_GEE
2024-05-16,38.4489,8,citywide,MERRA-2_GEE
2024-05-17,47.9192,8,citywide,MERRA-2_GEE
2024-05-18,47.9238,8,citywide,MERRA-2_GEE
2024-05-19,41.6733,8,citywide,MERRA-2_GEE
2024-05-20,63.2164,8,citywide,MERRA-2_GEE
2024-05-21,98.3869,8,citywide,MERRA-2_GEE
2024-05-22,89.3635,8,citywide,MERRA-2_GEE
2024-05-23,86.5096,8,citywide,MERRA-2_GEE
2024-05-24,71.3981,8,citywide,MERRA-2_GEE
2024-05-25,62.3846,8,citywide,MERRA-2_GEE
2024-05-26,104.7614,8,citywide,MERRA-2_GEE
2024-05-27,125.7844,8,citywide,MERRA-2_GEE
2024-05-28,125.4846,8,citywide,MERRA-2_GEE
2024-05-29,123.8766,8,citywide,MERRA-2_GEE
2024-05-30,98.7827,8,citywide,MERRA-2_GEE
2024-05-31,117.0369,8,citywide,MERRA-2_GEE
2024-06-01,170.8807,8,citywide,MERRA-2_GEE
2024-06-02,70.3633,8,citywide,MERRA-2_GEE
2024-06-03,51.3046,8,citywide,MERRA-2_GEE
2024-06-04,52.9632,8,citywide,MERRA-2_GEE
2024-06-05,69.9108,8,citywide,MERRA-2_GEE
2024-06-06,90.2787,8,citywide,MERRA-2_GEE
2024-06-07,69.5607,8,citywide,MERRA-2_GEE
2024-06-08,74.0796,8,citywide,MERRA-2_GEE
2024-06-09,81.992,8,citywide,MERRA-2_GEE
2024-06-10,93.5318,8,citywide,MERRA-2_GEE
2024-06-11,74.1675,8,citywide,MERRA-2_GEE
2024-06-12,75.4403,8,citywide,MERRA-2_GEE
2024-06-13,81.1167,8,citywide,MERRA-2_GEE
2024-06-14,91.0051,8,citywide,MERRA-2_GEE
2024-06-15,112.3172,8,citywide,MERRA-2_GEE
2024-06-16,67.2571,8,citywide,MERRA-2_GEE
2024-06-17,53.0938,8,citywide,MERRA-2_GEE
2024-06-18,72.5195,8,citywide,MERRA-2_GEE
2024-06-19,121.2885,8,citywide,MERRA-2_GEE
2024-06-20,167.8758,8,citywide,MERRA-2_GEE
2024-06-21,162.8718,8,citywide,MERRA-2_GEE
2024-06-22,129.374,8,citywide,MERRA-2_GEE
2024-06-23,134.0462,8,citywide,MERRA-2_GEE
2024-06-24,123.6627,8,citywide,MERRA-2_GEE
2024-06-25,121.4537,8,citywide,MERRA-2_GEE
2024-06-26,103.856,8,citywide,MERRA-2_GEE
2024-06-27,78.3679,8,citywide,MERRA-2_GEE
2024-06-28,67.5544,8,citywide,MERRA-2_GEE
2024-06-29,36.1703,8,citywide,MERRA-2_GEE
2024-06-30,46.4919,8,citywide,MERRA-2_GEE
2024-07-01,92.2708,8,citywide,MERRA-2_GEE
2024-07-02,180.8072,8,citywide,MERRA-2_GEE
2024-07-03,188.6084,8,citywide,MERRA-2_GEE
2024-07-04,106.5467,8,citywide,MERRA-2_GEE
2024-07-05,148.6945,8,citywide,MERRA-2_GEE
2024-07-06,191.5611,8,citywide,MERRA-2_GEE
2024-07-07,187.4249,8,citywide,MERRA-2_GEE
2024-07-08,137.7154,8,citywide,MERRA-2_GEE
2024-07-09,94.4894,8,citywide,MERRA-2_GEE
2024-07-10,72.4097,8,citywide,MERRA-2_GEE
2024-07-11,84.2499,8,citywide,MERRA-2_GEE
2024-07-12,114.6558,8,citywide,MERRA-2_GEE
2024-07-13,138.7607,8,citywide,MERRA-2_GEE
2024-07-14,129.7848,8,citywide,MERRA-2_GEE
2024-07-15,107.6532,8,citywide,MERRA-2_GEE
2024-07-16,86.6423,8,citywide,MERRA-2_GEE
2024-07-17,105.4734,8,citywide,MERRA-2_GEE
2024-07-18,100.6792,8,citywide,MERRA-2_GEE
2024-07-19,80.1898,8,citywide,MERRA-2_GEE
2024-07-20,77.8296,8,citywide,MERRA-2_GEE
2024-07-21,78.7639,8,citywide,MERRA-2_GEE
2024-07-22,98.7432,8,citywide,MERRA-2_GEE
2024-07-23,115.4886,8,citywide,MERRA-2_GEE
2024-07-24,154.1674,8,citywide,MERRA-2_GEE
2024-07-25,149.4682,8,citywide,MERRA-2_GEE
2024-07-26,191.2404,8,citywide,MERRA-2_GEE
2024-07-27,129.0203,8,citywide,MERRA-2_GEE
2024-07-28,110.2908,8,citywide,MERRA-2_GEE
2024-07-29,78.7339,8,citywide,MERRA-2_GEE
2024-07-30,85.1977,8,citywide,MERRA-2_GEE
2024-07-31,77.2327,8,citywide,MERRA-2_GEE
2024-08-01,78.7027,8,citywide,MERRA-2_GEE
2024-08-02,140.416,8,citywide,MERRA-2_GEE
2024-08-03,157.3434,8,citywide,MERRA-2_GEE
2024-08-04,207.2048,8,citywide,MERRA-2_GEE
2024-08-05,104.7149,8,citywide,MERRA-2_GEE
2024-08-06,81.4144,8,citywide,MERRA-2_GEE
2024-08-07,61.0877,8,citywide,MERRA-2_GEE
2024-08-08,52.4362,8,citywide,MERRA-2_GEE
2024-08-09,54.906,8,citywide,MERRA-2_GEE
2024-08-10,69.3995,8,citywide,MERRA-2_GEE
2024-08-11,72.4258,8,citywide,MERRA-2_GEE
2024-08-12,64.0732,8,citywide,MERRA-2_GEE
2024-08-13,58.683,8,citywide,MERRA-2_GEE
2024-08-14,60.4914,8,citywide,MERRA-2_GEE
2024-08-15,67.4365,8,citywide,MERRA-2_GEE
2024-08-16,43.9848,8,citywide,MERRA-2_GEE
2024-08-17,50.9773,8,citywide,MERRA-2_GEE
2024-08-18,38.3695,8,citywide,MERRA-2_GEE
2024-08-19,29.3141,8,citywide,MERRA-2_GEE
2024-08-20,34.9781,8,citywide,MERRA-2_GEE
2024-08-21,47.8682,8,citywide,MERRA-2_GEE
2024-08-22,60.8548,8,citywide,MERRA-2_GEE
2024-08-23,56.5127,8,citywide,MERRA-2_GEE
2024-08-24,52.319,8,citywide,MERRA-2_GEE
2024-08-25,61.7222,8,citywide,MERRA-2_GEE
2024-08-26,74.7782,8,citywide,MERRA-2_GEE
2024-08-27,59.7543,8,citywide,MERRA-2_GEE
2024-08-28,72.9533,8,citywide,MERRA-2_GEE
2024-08-29,57.1519,8,citywide,MERRA-2_GEE
2024-08-30,77.0002,8,citywide,MERRA-2_GEE
2024-08-31,79.25,8,citywide,MERRA-2_GEE
2024-09-01,47.8672,8,citywide,MERRA-2_GEE
2024-09-02,34.7139,8,citywide,MERRA-2_GEE
2024-09-03,31.0413,8,citywide,MERRA-2_GEE
2024-09-04,32.9811,8,citywide,MERRA-2_GEE
2024-09-05,35.2664,8,citywide,MERRA-2_GEE
2024-09-06,32.8387,8,citywide,MERRA-2_GEE
2024-09-07,31.854,8,citywide,MERRA-2_GEE
2024-09-08,31.1628,8,citywide,MERRA-2_GEE
2024-09-09,43.5859,8,citywide,MERRA-2_GEE
2024-09-10,57.7764,8,citywide,MERRA-2_GEE
2024-09-11,72.3472,8,citywide,MERRA-2_GEE
2024-09-12,74.9246,8,citywide,MERRA-2_GEE
2024-09-13,51.7269,8,citywide,MERRA-2_GEE
2024-09-14,54.9093,8,citywide,MERRA-2_GEE
2024-09-15,34.9998,8,citywide,MERRA-2_GEE
2024-09-16,40.7798,8,citywide,MERRA-2_GEE
2024-09-17,41.1273,8,citywide,MERRA-2_GEE
2024-09-18,52.6797,8,citywide,MERRA-2_GEE
2024-09-19,55.9826,8,citywide,MERRA-2_GEE
2024-09-20,44.2163,8,citywide,MERRA-2_GEE
2024-09-21,35.0986,8,citywide,MERRA-2_GEE
2024-09-22,36.9063,8,citywide,MERRA-2_GEE
2024-09-23,30.494,8,citywide,MERRA-2_GEE
2024-09-24,37.9801,8,citywide,MERRA-2_GEE
2024-09-25,35.9118,8,citywide,MERRA-2_GEE
2024-09-26,35.7305,8,citywide,MERRA-2_GEE
2024-09-27,52.1286,8,citywide,MERRA-2_GEE
2024-09-28,58.221,8,citywide,MERRA-2_GEE
2024-09-29,42.8314,8,citywide,MERRA-2_GEE
2024-09-30,40.5432,8,citywide,MERRA-2_GEE
2024-10-01,34.3212,8,citywide,MERRA-2_GEE
2024-10-02,41.5527,8,citywide,MERRA-2_GEE
2024-10-03,58.5507,8,citywide,MERRA-2_GEE
2024-10-04,61.1899,8,citywide,MERRA-2_GEE
2024-10-05,45.2188,8,citywide,MERRA-2_GEE
2024-10-06,36.7943,8,citywide,MERRA-2_GEE
2024-10-07,33.6678,8,citywide,MERRA-2_GEE
2024-10-08,48.3628,8,citywide,MERRA-2_GEE
2024-10-09,48.008,8,citywide,MERRA-2_GEE
2024-10-10,46.4014,8,citywide,MERRA-2_GEE
2024-10-11,44.0223,8,citywide,MERRA-2_GEE
2024-10-12,35.0434,8,citywide,MERRA-2_GEE
2024-10-13,38.0893,8,citywide,MERRA-2_GEE
2024-10-14,37.6849,8,citywide,MERRA-2_GEE
2024-10-15,50.1656,8,citywide,MERRA-2_GEE
2024-10-16,38.7959,8,citywide,MERRA-2_GEE
2024-10-17,43.1226,8,citywide,MERRA-2_GEE
2024-10-18,45.6939,8,citywide,MERRA-2_GEE
2024-10-19,38.1502,8,citywide,MERRA-2_GEE
2024-10-20,42.1951,8,citywide,MERRA-2_GEE
2024-10-21,42.4358,8,citywide,MERRA-2_GEE
2024-10-22,50.5588,8,citywide,MERRA-2_GEE
2024-10-23,49.1878,8,citywide,MERRA-2_GEE
2024-10-24,35.4476,8,citywide,MERRA-2_GEE
2024-10-25,37.8411,8,citywide,MERRA-2_GEE
2024-10-26,57.7423,8,citywide,MERRA-2_GEE
2024-10-27,69.24,8,citywide,MERRA-2_GEE
2024-10-28,105.8777,8,citywide,MERRA-2_GEE
2024-10-29,105.3182,8,citywide,MERRA-2_GEE
2024-10-30,77.3834,8,citywide,MERRA-2_GEE
2024-10-31,60.7668,8,citywide,MERRA-2_GEE
2024-11-01,42.2936,8,citywide,MERRA-2_GEE
2024-11-02,51.1744,8,citywide,MERRA-2_GEE
2024-11-03,39.4803,8,citywide,MERRA-2_GEE
2024-11-04,34.5351,8,citywide,MERRA-2_GEE
2024-11-05,37.7646,8,citywide,MERRA-2_GEE
2024-11-06,35.4046,8,citywide,MERRA-2_GEE
2024-11-07,34.9961,8,citywide,MERRA-2_GEE
2024-11-08,30.3446,8,citywide,MERRA-2_GEE
2024-11-09,20.7764,8,citywide,MERRA-2_GEE
2024-11-10,23.2315,8,citywide,MERRA-2_GEE
2024-11-11,26.0612,8,citywide,MERRA-2_GEE
2024-11-12,29.4156,8,citywide,MERRA-2_GEE
2024-11-13,35.6346,8,citywide,MERRA-2_GEE
2024-11-14,35.9349,8,citywide,MERRA-2_GEE
2024-11-15,45.0795,8,citywide,MERRA-2_GEE
2024-11-16,46.2009,8,citywide,MERRA-2_GEE
2024-11-17,59.8967,8,citywide,MERRA-2_GEE
2024-11-18,57.3012,8,citywide,MERRA-2_GEE
2024-11-19,44.8959,8,citywide,MERRA-2_GEE
2024-11-20,42.8469,8,citywide,MERRA-2_GEE
2024-11-21,35.2223,8,citywide,MERRA-2_GEE
2024-11-22,30.337,8,citywide,MERRA-2_GEE
2024-11-23,23.8842,8,citywide,MERRA-2_GEE
2024-11-24,40.5264,8,citywide,MERRA-2_GEE
2024-11-25,66.2829,8,citywide,MERRA-2_GEE
2024-11-26,34.725,8,citywide,MERRA-2_GEE
2024-11-27,35.2435,8,citywide,MERRA-2_GEE
2024-11-28,24.7523,8,citywide,MERRA-2_GEE
2024-11-29,30.867,8,citywide,MERRA-2_GEE
2024-11-30,59.7879,8,citywide,MERRA-2_GEE
2024-12-01,65.1726,8,citywide,MERRA-2_GEE
2024-12-02,74.0835,8,citywide,MERRA-2_GEE
2024-12-03,76.935,8,citywide,MERRA-2_GEE
2024-12-04,98.3595,8,citywide,MERRA-2_GEE
2024-12-05,55.352,8,citywide,MERRA-2_GEE
2024-12-06,41.2796,8,citywide,MERRA-2_GEE
2024-12-07,40.8936,8,citywide,MERRA-2_GEE
2024-12-08,40.6622,8,citywide,MERRA-2_GEE
2024-12-09,63.9767,8,citywide,MERRA-2_GEE
2024-12-10,71.4413,8,citywide,MERRA-2_GEE
2024-12-11,63.5236,8,citywide,MERRA-2_GEE
2024-12-12,57.143,8,citywide,MERRA-2_GEE
2024-12-13,66.2382,8,citywide,MERRA-2_GEE
2024-12-14,73.1405,8,citywide,MERRA-2_GEE
2024-12-15,51.3402,8,citywide,MERRA-2_GEE
2024-12-16,58.0595,8,citywide,MERRA-2_GEE
2024-12-17,117.8527,8,citywide,MERRA-2_GEE
2024-12-18,77.434,8,citywide,MERRA-2_GEE
2024-12-19,114.4587,8,citywide,MERRA-2_GEE
2024-12-20,92.192,8,citywide,MERRA-2_GEE
2024-12-21,163.2678,8,citywide,MERRA-2_GEE
2024-12-22,112.1473,8,citywide,MERRA-2_GEE
2024-12-23,85.0944,8,citywide,MERRA-2_GEE
2024-12-24,109.7262,8,citywide,MERRA-2_GEE
2024-12-25,102.523,8,citywide,MERRA-2_GEE
2024-12-26,96.7673,8,citywide,MERRA-2_GEE
2024-12-27,56.4711,8,citywide,MERRA-2_GEE
2024-12-28,36.9535,8,citywide,MERRA-2_GEE
2024-12-29,55.5109,8,citywide,MERRA-2_GEE
2024-12-30,63.4022,8,citywide,MERRA-2_GEE
